long,lat,objeto,id,nombre,comuna
-58.4173334662782,-34.5916299900033,CeP,,ALPI - INSTITUTO DE REHABILITACION MARCELO FITTE - Sede Central,14
-58.420476072707,-34.612883734052,CeP,,CAMI - MEDICINA DEL TRABAJO,5
-58.4020386885894,-34.5836525445924,CeP,,CEMIC - Sede Las Heras,2
-58.4952169781437,-34.5569834885832,CeP,,CEMIC - Sede Saavedra,12
-58.3972987834349,-34.6139834471649,CeP,,CENTRO GALLEGO DE BUENOS AIRES,3
-58.4249465318604,-34.6366468796802,CeP,,CENTRO MEDICO SARAZA,7
-58.4683324617794,-34.5745638740179,CeP,,CLINICA ADVENTISTA BELGRANO,15
-58.4018293710408,-34.6146868076902,CeP,,CLINICA CIUDAD DE LA VIDA,3
-58.4056663154276,-34.5811615860652,CeP,,CLINICA JURI,14
-58.4459563935275,-34.5616588115442,CeP,,CLINICA LA SAGRADA FAMILIA,13
-58.3930156724153,-34.5956612241685,CeP,,CLINICA MILITO,2
-58.4425178969106,-34.6062511930728,CeP,,CLINICA SAN CAMILO,15
-58.455903790195,-34.6315922260729,CeP,,CLINICA Y MATERNIDAD SANTA ISABEL,7
-58.4107714395989,-34.6393008682418,CeP,,COMPLEJO MEDICO POLICIAL CHURRUCA-VISCA,4
-58.4496850428311,-34.5691238969582,CeP,,EXCELSITAS,13
-58.4504966447053,-34.5551636091511,CeP,,FLENI FUND. LUCHA CONTRA ENF. NEUROLOGICAS INFANCIA,13
-58.3972084784576,-34.5915528544188,CeP,,FUNDALEU FUND. ARG. CONTRA LA LEUCEMIA,2
-58.4119120455676,-34.6527867404469,CeP,,HOSPITAL AERONAUTICO CENTRAL,4
-58.4210977152759,-34.60749541051,CeP,,HOSPITAL DE ASMA Y ALERGIA,5
-58.4005989393542,-34.599313026744,CeP,,HOSPITAL DE CLINICAS JOSE DE SAN MARTIN,2
-58.4945055527339,-34.5967355104325,CeP,,HOSPITAL DE ONCOLOGIA ANGEL H. ROFFO,15
-58.4078841680474,-34.6147921640614,CeP,,HOSPITAL ESPAÑOL,3
-58.4077336882728,-34.6215070537572,CeP,,HOSPITAL FRANCES  (PAMI),3
-58.4736847263334,-34.6193123030912,CeP,,HOSPITAL ISRAELITA- ISRAMED,11
-58.4248693515647,-34.6066236890407,CeP,,HOSPITAL ITALIANO,5
-58.4361615488634,-34.5701412182934,CeP,,HOSPITAL MILITAR CENTRAL,14
-58.4330239815246,-34.605214741838,CeP,,HOSPITAL NAVAL DR. PEDRO MALLO,6
-58.4518304367483,-34.5718499078415,CeP,,INSTITUTO ALEXANDER FLEMING,13
-58.4358080982353,-34.6182685422713,CeP,,INSTITUTO ANTARTIDA,6
-58.4009830594969,-34.5967763326888,CeP,,INSTITUTO ARGENTINO DE DIAGNOSTICO Y TRATAMIENTO SA,2
-58.4507849363406,-34.554005357205,CeP,,INSTITUTO CARDIOVASCULAR DE BUENOS AIRES,13
-58.4145049370503,-34.6157212535974,CeP,,INSTITUTO DUPUYTREN DE TRAUMATOLOGIA Y ORTOPEDIA,5
-58.45743645799,-34.6128297812128,CeP,,POLICLINICA BANCARIA 9 DE JULIO,6
-58.3945286147342,-34.5853999138081,CeP,,SANATORIO AGOTE,2
-58.4509010882876,-34.5769987752721,CeP,,SANATORIO COLEGIALES,13
-58.4240417292528,-34.5751241348084,CeP,,SANATORIO DE LA TRINIDAD,14
-58.4293115257234,-34.5809679428827,CeP,,SANATORIO DE LOS ARCOS,14
-58.4142080022663,-34.5976878937242,CeP,,SANATORIO DEL VALLE,2
-58.4222140731801,-34.5974987828694,CeP,,SANATORIO GUEMES,14
-58.4042317004533,-34.5779514751144,CeP,,SANATORIO MATER DEI,14
-58.4027131737731,-34.6084373447531,CeP,,SANATORIO MITRE,3
-58.4010746120733,-34.5984282843825,CeP,,SANATORIO OTAMENDI Y MIROLI,2
-58.4102357205453,-34.5915338297029,CeP,,SANATORIO SAN JOSE,2
-58.4668347587071,-34.6295104777912,CeP,,SANATORIO SAN PATRICIO,7
-58.428389530544,-34.6042441186449,CeP,,CENTRO MEDICO DR. CALABRESE,14
-58.3903099532521,-34.6205785728087,CeP,,CLINICA BASILEA,1
-58.4076442734799,-34.5872989266475,CeP,,CLINICA BAZTERRICA,2
-58.432780926532,-34.6043694370666,CeP,,CLINICA DE LA CIUDAD,6
-58.3972368206396,-34.596845963284,CeP,,DIAGNOSTICO MEDICO,2
-58.390944953502,-34.6139942306788,CeP,,FUNDACION FAVALORO,1
-58.3878887769155,-34.6345585079131,CeP,,HOSPITAL BRITANICO DE BUENOS AIRES,4
-58.4096200411173,-34.5950706283301,CeP,,INSTITUTO ONCOLOGICO HENRY MOORE,2
-58.4017881575943,-34.5938459988272,CeP,,CLINICA Y MATERNIDAD SUIZO ARGENTINA,2
-58.4015659760694,-34.592078584159,CeP,,HOSPITAL ALEMAN,2
-58.4216592996754,-34.5890080330916,CeP,,CLINICA PSIQUIATRICA VILLA GUADALUPE,14
-58.3989077883883,-34.6070610661315,CeP,,INSTITUTO MEDICO DE OBSTETRICIA,3
-58.4003468428571,-34.5893300845529,CeP,,SANATORIO ANCHORENA S.A.,2
-58.4305254244608,-34.6195042295687,CeP,,CLINICA GERIATRICA GUAYAQUIL,6
-58.40356356626,-34.6158350932667,CeP,,CLINICA SANTA CATALINA,3
-58.3875652453533,-34.5900665526056,CeP,,CRUZ AZUL ASISTENCIA MEDICA,2
-58.4725191907387,-34.5846753259586,CeP,,INSTITUTO DE INVESTIGACIONES MEDICAS A. LANARI,15
-58.4159152373755,-34.5913195038463,CeP,,ALPI - Sede Paraguay - Unidad de mano,14
-58.4163598358062,-34.6008123906686,CeP,,ALPI - Sede Mario Bravo - Unidad pediatría y terapias manuales,5
-58.4766168771927,-34.5441689815929,CeP,,FUNDACIÓN HOSPITALARIA,12
-58.3975005060206,-34.5954215910939,CeP,,INSTITUTO FERRERO DE NEUROLOGÍA Y SUEÑO,2
-58.379536279174,-34.5846192395719,CeSAC,45,Centro de Salud Nivel 1 Retiro 3 (CeSAC Nº 47),1
-58.4666294080613,-34.6778089390512,CeSAC,44,Centro de Salud Nivel 1 Villa Lugano 6 (CeSAC Nº 43),8
-58.4673635405403,-34.6607303120847,CeSAC,43,Centro de Salud Nivel 1 Villa Lugano 7 (CeSAC Nº 44),8
-58.4215702058292,-34.6065882187344,CeSAC,42,Centro de Salud Nivel 1 Almagro (CeSAC N° 38),5
-58.3579247623333,-34.6313266810211,CeSAC,40,Centro de Salud Nivel 1 La Boca 2 (CeSAC N° 41),4
-58.4951281130031,-34.6704648839264,CeSAC,39,Centro de Salud Nivel 1 Villa Lugano 1 (CeSAC N° 5),8
-58.4022498496126,-34.6253913497638,CeSAC,38,Centro de Salud Nivel 1 San Cristóbal (CeSAC N° 45),3
-58.3659080000432,-34.6401070890471,CeSAC,37,Centro de Salud Nivel 1 La Boca 1 (CeSAC N° 9),4
-58.3973625693379,-34.6560438464025,CeSAC,36,Centro de Salud Nivel 1 Barracas 2 (CeSAC N° 8),4
-58.4912772319533,-34.6779194836943,CeSAC,35,Centro de Salud Nivel 1 Villa Lugano 2 (CeSAC N° 7),8
-58.4424629963508,-34.6656342249534,CeSAC,34,Centro de Salud Nivel 1 Villa Soldati (CeSAC N° 6),8
-58.5042738164045,-34.6655642847012,CeSAC,33,Centro de Salud Nivel 1 Mataderos 2 (CeSAC N° 37),9
-58.3997484694988,-34.6562704964316,CeSAC,32,Centro de Salud Nivel 1 Barracas 6 (CeSAC N° 35),4
-58.4416171402094,-34.586372671781,CeSAC,31,Centro de Salud Nivel 1 Palermo 3 (CeSAC N° 33),14
-58.4046161600748,-34.6498751035016,CeSAC,30,Centro de Salud Nivel 1 Barracas 4 (CeSAC N° 30),4
-58.4866078286625,-34.6846131572289,CeSAC,29,Centro de Salud Nivel 1 Villa Lugano 5 (CeSAC N° 29),8
-58.4868366150183,-34.5476471799327,CeSAC,28,Centro de Salud Nivel 1 Saavedra (CeSAC N° 27),12
-58.4256441436883,-34.5872377766862,CeSAC,27,Centro de Salud Nivel 1 Palermo 2 (CeSAC N° 26),14
-58.3822249756992,-34.581831705584,CeSAC,26,Centro de Salud Nivel 1 Retiro 2 (CeSAC N° 25),1
-58.3732421154447,-34.5846654418776,CeSAC,25,Centro de Salud Nivel 1 Retiro 1 (CeSAC N° 21),1
-58.3724592370497,-34.6207820095087,CeSAC,24,Centro de Salud Nivel 1 San Telmo (CeSAC N° 15),1
-58.4554408856324,-34.6579079788756,CeSAC,23,Centro de Salud Nivel 1 Ramón Carrillo (CeSAC N° 24),8
-58.438095847567,-34.6493682386374,CeSAC,22,Centro de Salud Nivel 1 Flores 2 (CeSAC N° 20),7
-58.4418865424143,-34.6434765271622,CeSAC,21,Centro de Salud Nivel 1 Flores 1 (CeSAC N° 19),7
-58.4680124786178,-34.6737702265593,CeSAC,20,Centro de Salud Nivel 1 Villa Lugano 4 (CeSAC N° 18),8
-58.4199413683518,-34.59265492033,CeSAC,19,Centro de Salud Nivel 1 Palermo 1 (CeSAC N° 17),14
-58.4336749298209,-34.6458306434842,CeSAC,18,Centro de Salud Nivel 1 Flores 3 (CeSAC N° 31),7
-58.4917855634719,-34.6218240197832,CeSAC,17,Centro de Salud Nivel 1 Floresta (CeSAC N° 36),10
-58.4641132998869,-34.6849948172069,CeSAC,16,Centro de Salud Nivel 1 Villa Lugano 8 (CeSAC N° 28),8
-58.5069128628954,-34.6556234127297,CeSAC,15,Centro de Salud Nivel 1 Mataderos 1 (CeSAC N° 4),9
-58.4643352585501,-34.6846295679549,CeSAC,14,Centro de Salud Nivel 1 Villa Lugano 9 (CeSAC N° 3),8
-58.4106879908785,-34.5988478008354,CeSAC,13,Centro de Salud Nivel 1 Balvanera (CeSAC N° 11),3
-58.474181498577,-34.5698990652546,CeSAC,12,Centro de Salud Nivel 1 Villa Urquiza (CeSAC N° 12),12
-58.5095049729635,-34.5765506369991,CeSAC,11,Centro de Salud Nivel 1 Villa Pueyrredón (CeSAC N° 2),12
-58.4458597861216,-34.6449083981669,CeSAC,10,Centro de Salud Nivel 1 Flores 4 (CeSAC N° 40),7
-58.4742515422757,-34.6603247715799,CeSAC,9,Centro de Salud Nivel 1 Villa Lugano 3 (CeSAC N° 14),9
-58.483235877426,-34.6444000222992,CeSAC,8,Centro de Salud Nivel 1 Parque Avellaneda (CeSAC N° 13),9
-58.4099154111675,-34.6310049373664,CeSAC,7,Centro de Salud Nivel 1 Parque Patricios 2 (CeSAC N° 39),4
-58.4311153015132,-34.6541335610707,CeSAC,6,Centro de Salud Nivel 1 Barracas 5 (CeSAC N° 32),4
-58.3747016835991,-34.6518714830613,CeSAC,5,Centro de Salud Nivel 1 Barracas 3 (CeSAC N° 16),4
-58.383495108401,-34.6334209011968,CeSAC,4,Centro de Salud Nivel 1 Parque Patricios (CeSAC N° 10),4
-58.389377681427,-34.6492762975786,CeSAC,3,Centro de Salud Nivel 1 Barracas 1 (CeSAC N° 1),4
-58.4591679329374,-34.6008674677704,CeSAC,2,Centro de Salud Nivel 1 La Paternal 2 (CeSAC N° 22),15
-58.4782436689046,-34.6066090836738,CeSAC,1,Centro de Salud Nivel 1 La Paternal 1 (CeSAC N° 34),11
-58.4829869068093,-34.6221564665346,CMB,1,CMB N° 2,11
-58.5264647514946,-34.634807560286,CMB,2,CMB N° 3,9
-58.4525542552639,-34.6356352876892,CMB,3,CMB N° 4,7
-58.3936644526942,-34.6196273627075,CMB,4,CMB N° 6,3
-58.5192409721467,-34.6418220955856,CMB,5,CMB N° 7,9
-58.4316921574601,-34.6409744792121,CMB,6,CMB N° 8,7
-58.4713481799362,-34.6698415632881,CMB,7,CMB N° 9,8
-58.3728570192204,-34.6319859762123,CMB,8,CMB N° 10,4
-58.4553398663073,-34.5779881666476,CMB,9,CMB N° 11,13
-58.4651771279104,-34.6192457432647,CMB,10,CMB N° 12,7
-58.4797174059797,-34.6120798462711,CMB,11,CMB N° 13,11
-58.4227979176079,-34.652668550114,CMB,12,CMB N° 18,4
-58.5267140921382,-34.6136225886744,CMB,13,CMB N° 19,10
-58.4943582168842,-34.6493390059638,CMB,14,CMB N° 20,9
-58.4297412937434,-34.6297684853076,CMB,16,CMB N° 23,7
-58.4040212047891,-34.6327821014228,CMB,17,CMB N° 24,4
-58.4651653789148,-34.6478958805152,CMB,18,CMB N° 25,9
-58.463199016137,-34.5517022081776,CMB,19,CMB N°26,13
-58.4448228254196,-34.6051857799064,CMB,20,CMB N° 27,15
-58.4849902549043,-34.6658512004875,CMB,21,CMB N° 28,8
-58.4033261203016,-34.6123975983726,CMB,22,CMB N°29,3
-58.3705233807443,-34.6335041740733,CMB,23,CMB N° 30,4
-58.4461023572884,-34.6394070438117,CMB,24,CMB N° 31,7
-58.5040205613833,-34.6279948642509,CMB,25,CMB N° 32,10
-58.4766418292919,-34.5447883287519,CMB,26,CMB N° 33,12
-58.4988217164645,-34.5912295094877,CMB,27,CMB N° 35,15
-58.4860576068175,-34.5852125394914,CMB,28,CMB N° 36,15
-58.3717945186701,-34.6461890403859,CMB,29,CMB N° 37,4
-58.4778113057813,-34.6518838003431,CMB,30,CMB N° 38,9
-58.4245395562242,-34.6458913282137,CMB,31,CMB N° 1,4
-58.4332561710889,-34.6608080708487,CMB,32,CMB N° 39,8
-58.441181684895,-34.5894119084292,CMB,33,CMB N° 34,15
-58.5053021618344,-34.6110172752069,CMB,34,CMB N° 5,11
-58.4863959977711,-34.5652071534538,CMB,35,CMB N°17,12
-58.5080720511654,-34.6268150764954,Farmacia,,,10
-58.4689759825657,-34.6117065912837,Farmacia,,,11
-58.4093052805893,-34.5917612010672,Farmacia,,,2
-58.5248211025968,-34.6396159502234,Farmacia,,,9
-58.5066499006764,-34.6204290376584,Farmacia,,,10
-58.4730685276207,-34.6147341624871,Farmacia,,,11
-58.4607373411615,-34.5819643320509,Farmacia,,,15
-58.4675385899902,-34.5627513005287,Farmacia,,,12
-58.4312376637311,-34.6190991231819,Farmacia,,,6
-58.475430633001,-34.6059650568962,Farmacia,,,11
-58.4067079956806,-34.5808106438546,Farmacia,,,14
-58.3988675193096,-34.6102617943773,Farmacia,,,3
-58.4170867924023,-34.5976587375453,Farmacia,,,14
-58.4058046357017,-34.5882188107416,Farmacia,,,2
-58.5100660636466,-34.66373931634,Farmacia,,,9
-58.366070868342,-34.6274637125129,Farmacia,,,4
-58.4701491454416,-34.6470303371374,Farmacia,,,9
-58.42816304167,-34.6250530668799,Farmacia,,,6
-58.3869584259983,-34.5994736998096,Farmacia,,,1
-58.3908711296024,-34.6344294207626,Farmacia,,,4
-58.4630590908507,-34.555332354623,Farmacia,,,13
-58.4152453389313,-34.6206913507133,Farmacia,,,5
-58.3922352635311,-34.6183673727072,Farmacia,,,3
-58.4884150156899,-34.5777881496034,Farmacia,,,12
-58.4793748105058,-34.5569571537132,Farmacia,,,12
-58.4800149557148,-34.6410751995652,Farmacia,,,9
-58.4395623922373,-34.5956962732221,Farmacia,,,15
-58.5045151916102,-34.6130178994198,Farmacia,,,10
-58.4911332029984,-34.5909064224523,Farmacia,,,15
-58.4989670963,-34.5817499683488,Farmacia,,,
-58.459531965188,-34.6050009330282,Farmacia,,,11
-58.5114087030521,-34.5968168731906,Farmacia,,,11
-58.4331376023688,-34.5960412656,Farmacia,,,15
-58.4044971393873,-34.6122096134724,Farmacia,,,3
-58.4373753854688,-34.6283634769724,Farmacia,,,6
-58.3977204981353,-34.60734697631,Farmacia,,,3
-58.5028286824007,-34.6516579254643,Farmacia,,,9
-58.4536877419858,-34.6437502781349,Farmacia,,,7
-58.4046173912177,-34.6019997227836,Farmacia,,,3
-58.4162678889159,-34.6038734260704,Farmacia,,,5
-58.434830782628,-34.6006735767969,Farmacia,,,15
-58.501166057174,-34.6040081487804,Farmacia,,,11
-58.4292866325718,-34.6209608802814,Farmacia,,,6
-58.4487034118841,-34.5816268390841,Farmacia,,,15
-58.525507413766,-34.6370137986724,Farmacia,,,
-58.4148545366559,-34.6045315422879,Farmacia,,,5
-58.5085875056634,-34.6558609261667,Farmacia,,,9
-58.4940759903973,-34.567279162447,Farmacia,,,12
-58.4607310795588,-34.5586188758738,Farmacia,,,13
-58.4808200603911,-34.5678580281905,Farmacia,,,12
-58.4517010017325,-34.577015777024,Farmacia,,,13
-58.4731460148112,-34.5584193616247,Farmacia,,,12
-58.4760945405706,-34.660161143829,Farmacia,,,
-58.486320406937,-34.6403808317407,Farmacia,,,10
-58.494933733973,-34.5736611554451,Farmacia,,,12
-58.4388421862343,-34.5849053345592,Farmacia,,,14
-58.415824613911,-34.6143140863262,Farmacia,,,5
-58.5046317613118,-34.6591580544336,Farmacia,,,9
-58.5047312209248,-34.5977706382228,Farmacia,,,11
-58.4763229044755,-34.5795442276807,Farmacia,,,15
-58.4481086261516,-34.6252699943768,Farmacia,,,6
-58.4161874007657,-34.6058022599607,Farmacia,,,5
-58.4645721876337,-34.6276736332363,Farmacia,,,
-58.3761279420939,-34.6102814901623,Farmacia,,,1
-58.421105836378,-34.6058646559658,Farmacia,,,5
-58.4487858899291,-34.5744590527005,Farmacia,,,13
-58.4603195623141,-34.5558856669389,Farmacia,,,13
-58.4459084173517,-34.5712931604253,Farmacia,,,13
-58.4499522219815,-34.5792733186869,Farmacia,,,13
-58.4983447727297,-34.5910126321605,Farmacia,,,15
-58.5075447849769,-34.61007255417,Farmacia,,,11
-58.4213404843261,-34.6449096146543,Farmacia,,,4
-58.4810425704027,-34.6122167704764,Farmacia,,,11
-58.4457291913577,-34.6621668487791,Farmacia,,,
-58.4300208171897,-34.6106905334337,Farmacia,,,5
-58.4213735407535,-34.6083987270999,Farmacia,,,5
-58.4658987848516,-34.6248309516038,Farmacia,,,
-58.4541886584682,-34.5596694665158,Farmacia,,,13
-58.3877673244745,-34.6030510115068,Farmacia,,,1
-58.4200636770384,-34.5738642810817,Farmacia,,,14
-58.4807954956856,-34.577113479173,Farmacia,,,12
-58.3921469701809,-34.5828561356135,Farmacia,,,2
-58.4710442601769,-34.565476750226,Farmacia,,,13
-58.4331311895359,-34.5920749651749,Farmacia,,,14
-58.4656052815632,-34.5517741861103,Farmacia,,,13
-58.422616210773,-34.5755929434145,Farmacia,,,14
-58.3876222148203,-34.6148317502365,Farmacia,,,1
-58.4096603803173,-34.5785728611312,Farmacia,,,14
-58.4690454896402,-34.6175812975435,Farmacia,,,11
-58.462640939429,-34.5618011956616,Farmacia,,,13
-58.4537374842173,-34.5667069593993,Farmacia,,,13
-58.4750574911666,-34.5526252006328,Farmacia,,,12
-58.3783933181141,-34.6237659962574,Farmacia,,,1
-58.399278496068,-34.6044469739505,Farmacia,,,3
-58.4696835241495,-34.5444892158929,Farmacia,,,13
-58.4721696248768,-34.5845045567555,Farmacia,,,15
-58.3868202975948,-34.6026072411464,Farmacia,,,1
-58.4038042726134,-34.5854776517032,Farmacia,,,2
-58.4589657615226,-34.5785529885103,Farmacia,,,15
-58.523581859687,-34.6227002845254,Farmacia,,,10
-58.4883754651097,-34.6293498570309,Farmacia,,,10
-58.4968128874372,-34.5764959829143,Farmacia,,,12
-58.4795389007429,-34.5824602181167,Farmacia,,,15
-58.4598683718034,-34.6227312304387,Farmacia,,,7
-58.459218078247,-34.6744606242602,Farmacia,,,
-58.5219873506606,-34.633649451912,Farmacia,,,10
-58.4449744920963,-34.6069440125422,Farmacia,,,15
-58.5109650417832,-34.6418966542697,Farmacia,,,9
-58.4108938698311,-34.5953617729137,Farmacia,,,2
-58.3873400910652,-34.5960092306526,Farmacia,,,2
-58.4661896595799,-34.682937295256,Farmacia,,,8
-58.4693382890445,-34.5803770529828,Farmacia,,,15
-58.4606907626448,-34.5619314420785,Farmacia,,,13
-58.419462370278,-34.5875453590371,Farmacia,,,14
-58.4192539786193,-34.5869810743291,Farmacia,,,14
-58.4031652667299,-34.5974842526061,Farmacia,,,2
-58.4189183776917,-34.6067753927338,Farmacia,,,5
-58.4612192887127,-34.5572027781294,Farmacia,,,13
-58.3973092583579,-34.6307532805789,Farmacia,,,4
-58.4528804424914,-34.5509746361263,Farmacia,,,13
-58.4879304346511,-34.5972133520758,Farmacia,,,15
-58.5214985088039,-34.6086085493999,Farmacia,,,11
-58.4106807406271,-34.6004442930209,Farmacia,,,3
-58.4128254265437,-34.5840579057537,Farmacia,,,14
-58.4653272632431,-34.6163328111716,Farmacia,,,7
-58.5096479632459,-34.5772678338167,Farmacia,,,12
-58.5229873283541,-34.6390564182498,Farmacia,,,9
-58.4650474748271,-34.6030034398937,Farmacia,,,11
-58.5057623843945,-34.6547300178055,Farmacia,,,9
-58.477755058594,-34.6326362987764,Farmacia,,,10
-58.4678164156131,-34.6342821423165,Farmacia,,,7
-58.4854559861215,-34.5764643753964,Farmacia,,,12
-58.4543261188371,-34.5670456823887,Farmacia,,,13
-58.4165235586839,-34.6184227959282,Farmacia,,,5
-58.5124073771408,-34.6011982661155,Farmacia,,,11
-58.425924555514,-34.6297001900707,Farmacia,,,5
-58.4974553945313,-34.5972578643562,Farmacia,,,11
-58.4321949673739,-34.5902011116424,Farmacia,,,14
-58.3872602116645,-34.6102000137848,Farmacia,,,1
-58.4896697232187,-34.60149479502,Farmacia,,,11
-58.4431368298588,-34.5997391327949,Farmacia,,,15
-58.3967398041872,-34.606110412899,Farmacia,,,3
-58.5016651704843,-34.6673061232399,Farmacia,,,9
-58.4865718256055,-34.615430949048,Farmacia,,,11
-58.4012924858726,-34.609680563656,Farmacia,,,3
-58.4122413481085,-34.6042721867331,Farmacia,,,3
-58.4372376765715,-34.6347440432703,Farmacia,,,7
-58.5005830843023,-34.6325077990912,Farmacia,,,10
-58.458470224372,-34.5646479308772,Farmacia,,,13
-58.5072617359377,-34.5895675189305,Farmacia,,,12
-58.4597051166608,-34.6024926250675,Farmacia,,,15
-58.4615551938097,-34.614884723676,Farmacia,,,7
-58.4469789804384,-34.59200946854,Farmacia,,,15
-58.4834189369839,-34.6292479635397,Farmacia,,,10
-58.4833416747863,-34.5606940076791,Farmacia,,,12
-58.4046818587772,-34.6007663184927,Farmacia,,,3
-58.4217062605824,-34.6260839278423,Farmacia,,,5
-58.5117540711333,-34.587404674411,Farmacia,,,11
-58.464464149468,-34.5845423141478,Farmacia,,,15
-58.4166276752356,-34.6505555741026,Farmacia,,,4
-58.4543054382801,-34.6115658138242,Farmacia,,,6
-58.4430199748471,-34.6647206032367,Farmacia,,,8
-58.5253864914275,-34.6140006266717,Farmacia,,,10
-58.3998593874562,-34.6023682600541,Farmacia,,,3
-58.3899788013773,-34.5881309551189,Farmacia,,,2
-58.4049041286723,-34.6032169775441,Farmacia,,,3
-58.441817990533,-34.6041869588628,Farmacia,,,15
-58.4429792750537,-34.6163843493903,Farmacia,,,6
-58.4313853803276,-34.6413783723093,Farmacia,,,7
-58.4710909749286,-34.6657170275988,Farmacia,,,8
-58.4670613542958,-34.5523041251325,Farmacia,,,13
-58.4632733467195,-34.5639723907479,Farmacia,,,13
-58.4495552813063,-34.5786138308839,Farmacia,,,13
-58.430758141648,-34.6085603807426,Farmacia,,,6
-58.445227030049,-34.6422972982154,Farmacia,,,7
-58.526691158173,-34.6381681353956,Farmacia,,,9
-58.3908766794501,-34.6279396246168,Farmacia,,,1
-58.3836347327784,-34.624874567737,Farmacia,,,1
-58.3957295729638,-34.6181873781331,Farmacia,,,3
-58.3934351243083,-34.6062217612577,Farmacia,,,3
-58.4566234951501,-34.6052141203112,Farmacia,,,6
-58.4483133206851,-34.6340528739957,Farmacia,,,7
-58.4229180769106,-34.6308829199951,Farmacia,,,5
-58.3856692123176,-34.6248540961024,Farmacia,,,
-58.5177682576308,-34.6058890446133,Farmacia,,,11
-58.4562421000772,-34.6158651886334,Farmacia,,,6
-58.4191523606749,-34.5832009938266,Farmacia,,,14
-58.4710370970123,-34.5866817357703,Farmacia,,,15
-58.4980624828212,-34.6216748679176,Farmacia,,,10
-58.4046145541558,-34.624262876231,Farmacia,,,3
-58.4060730796503,-34.5852706214863,Farmacia,,,2
-58.4081036636079,-34.6338431289847,Farmacia,,,4
-58.4076606477471,-34.5982226654336,Farmacia,,,3
-58.4625714425272,-34.5566952061337,Farmacia,,,13
-58.414177805087,-34.6157031484916,Farmacia,,,5
-58.4540492525546,-34.6258266095213,Farmacia,,,7
-58.4589647105148,-34.6083221845972,Farmacia,,,6
-58.3998578315131,-34.6099385305885,Farmacia,,,3
-58.4637396629712,-34.5660091034919,Farmacia,,,13
-58.4644312353192,-34.5532158776207,Farmacia,,,13
-58.395287906288,-34.6033839505376,Farmacia,,,3
-58.4418170789474,-34.5968095552312,Farmacia,,,15
-58.4146262868729,-34.5942021219401,Farmacia,,,14
-58.4702389706626,-34.6890914128166,Farmacia,,,8
-58.418829968725,-34.5890294178636,Farmacia,,,14
-58.4130560613068,-34.6152961582842,Farmacia,,,5
-58.4425682721584,-34.5623776834686,Farmacia,,,13
-58.4901421846335,-34.6114425873973,Farmacia,,,11
-58.4453868220867,-34.6295369115996,Farmacia,,,6
-58.4613780628269,-34.6360309867618,Farmacia,,,7
-58.3947193546204,-34.6095620381014,Farmacia,,,3
-58.3798354078335,-34.6504081314035,Farmacia,,,4
-58.3802480041807,-34.6133768688265,Farmacia,,,1
-58.3848829376941,-34.6135316275023,Farmacia,,,1
-58.4350042827843,-34.567810699132,Farmacia,,,14
-58.4539366108133,-34.6011793056265,Farmacia,,,15
-58.414800880336,-34.610941610501,Farmacia,,,5
-58.4413796301484,-34.60825833453,Farmacia,,,6
-58.3973892429704,-34.6182843444253,Farmacia,,,3
-58.5219473663114,-34.6552020915186,Farmacia,,,9
-58.3733831549131,-34.6220938324161,Farmacia,,,1
-58.4467174227088,-34.6272291592607,Farmacia,,,6
-58.511792871028,-34.5954779368657,Farmacia,,,
-58.3577496652149,-34.6347200967437,Farmacia,,,4
-58.481714736134,-34.6529777206552,Farmacia,,,9
-58.401907373814,-34.5907927278246,Farmacia,,,2
-58.4077593500948,-34.6207888889186,Farmacia,,,3
-58.4030632327054,-34.611347554346,Farmacia,,,3
-58.4140365575914,-34.6052395107598,Farmacia,,,5
-58.4889392397307,-34.5551595276257,Farmacia,,,12
-58.4747296927839,-34.6659616819456,Farmacia,,,8
-58.4383751799988,-34.6086177164112,Farmacia,,,6
-58.3583184318142,-34.6366722811153,Farmacia,,,4
-58.4627226907985,-34.5496713787035,Farmacia,,,13
-58.4856184129425,-34.5823108860429,Farmacia,,,12
-58.5004773057837,-34.6500148315741,Farmacia,,,9
-58.4773996508167,-34.6252751718656,Farmacia,,,10
-58.3871097433077,-34.59843582542,Farmacia,,,2
-58.4856644418242,-34.6427607556969,Farmacia,,,9
-58.4469950301774,-34.6076241929122,Farmacia,,,6
-58.50766448599,-34.612047652701,Farmacia,,,11
-58.4621126629322,-34.5668574195376,Farmacia,,,13
-58.5010666662582,-34.585383770272,Farmacia,,,12
-58.4667085598048,-34.599714042609,Farmacia,,,15
-58.4083336112484,-34.610471473878,Farmacia,,,3
-58.4145152903009,-34.5908347322588,Farmacia,,,14
-58.4729359210659,-34.5422860196881,Farmacia,,,13
-58.4672394396747,-34.6457439072139,Farmacia,,,9
-58.3918658136819,-34.6009526677646,Farmacia,,,1
-58.4694361152668,-34.5588811357878,Farmacia,,,12
-58.3934534257787,-34.5951088331096,Farmacia,,,2
-58.423025044173,-34.6519954649286,Farmacia,,,4
-58.4757067057461,-34.5880188264538,Farmacia,,,15
-58.4369036470455,-34.6218773675217,Farmacia,,,6
-58.4093075162985,-34.6475013877121,Farmacia,,,4
-58.3782141305875,-34.5974942621777,Farmacia,,,1
-58.4824974159365,-34.6341585413263,Farmacia,,,10
-58.4804234665376,-34.5731362175894,Farmacia,,,12
-58.4606906575127,-34.6212645555801,Farmacia,,,7
-58.4450212355497,-34.5938438628299,Farmacia,,,15
-58.4279123205948,-34.5873875958083,Farmacia,,,14
-58.4304623344309,-34.6118227566047,Farmacia,,,6
-58.3623189307304,-34.6297606591143,Farmacia,,,4
-58.4879533157862,-34.5517648356665,Farmacia,,,12
-58.3663683680033,-34.6278286788458,Farmacia,,,4
-58.4201452696669,-34.5856718556785,Farmacia,,,14
-58.405995568843,-34.6113969722355,Farmacia,,,3
-58.3754517184764,-34.6335813600082,Farmacia,,,4
-58.4601448685073,-34.5543741396754,Farmacia,,,13
-58.3802762545585,-34.5930365493711,Farmacia,,,1
-58.4132205951203,-34.620519029308,Farmacia,,,5
-58.5270998922534,-34.6254854973774,Farmacia,,,10
-58.4870265925551,-34.555089421316,Farmacia,,,12
-58.4901844291346,-34.6093239633273,Farmacia,,,11
-58.4981208555712,-34.6374282853375,Farmacia,,,10
-58.4327683754497,-34.6211800661231,Farmacia,,,6
-58.4968197264586,-34.6372679642371,Farmacia,,,10
-58.4484608645117,-34.6398415464115,Farmacia,,,7
-58.4778559687817,-34.6871818319455,Farmacia,,,8
-58.5274159339648,-34.638181950598,Farmacia,,,9
-58.5134472259555,-34.6161812146516,Farmacia,,,11
-58.4133978060447,-34.6336086302444,Farmacia,,,5
-58.4894429340602,-34.6492956737593,Farmacia,,,9
-58.4362009026116,-34.6008893593334,Farmacia,,,15
-58.4063895909724,-34.5994008989586,Farmacia,,,3
-58.4558659957067,-34.6209405113759,Farmacia,,,6
-58.3757568022995,-34.623525505802,Farmacia,,,1
-58.4589471909313,-34.6041817505499,Farmacia,,,15
-58.4513363249567,-34.6372648102417,Farmacia,,,7
-58.3851612734653,-34.605286621942,Farmacia,,,1
-58.4370737464628,-34.6166498871155,Farmacia,,,6
-58.4547941191833,-34.5794452987762,Farmacia,,,15
-58.5057634495969,-34.6385629353582,Farmacia,,,10
-58.415328542092,-34.6386235264853,Farmacia,,,5
-58.3602967331592,-34.6310370423614,Farmacia,,,4
-58.4317036828905,-34.60177250699,Farmacia,,,5
-58.4381568427032,-34.5809028274438,Farmacia,,,14
-58.4461312898665,-34.6300106759108,Farmacia,,,7
-58.4440294671873,-34.6270973368261,Farmacia,,,6
-58.5046246695545,-34.6538879981406,Farmacia,,,9
-58.460119594781,-34.5768928895886,Farmacia,,,13
-58.4796584323218,-34.6088594709297,Farmacia,,,11
-58.5253822857829,-34.62882923008,Farmacia,,,10
-58.4072735831082,-34.6213036292543,Farmacia,,,3
-58.370399873097,-34.6299380392089,Farmacia,,,4
-58.4768319945333,-34.5502825790173,Farmacia,,,12
-58.4469730659282,-34.5738295992685,Farmacia,,,13
-58.4419177395009,-34.6604090556553,Farmacia,,,8
-58.4828471246476,-34.6248609089754,Farmacia,,,10
-58.3979898051694,-34.6295782544561,Farmacia,,,4
-58.4993319762485,-34.6190587147161,Farmacia,,,10
-58.4320745115729,-34.5768346779096,Farmacia,,,14
-58.4941825564831,-34.6247356673436,Farmacia,,,10
-58.4860429413539,-34.6312232048519,Farmacia,,,10
-58.5085242383617,-34.6138937670216,Farmacia,,,11
-58.4018671302175,-34.6239247124464,Farmacia,,,3
-58.4005846941656,-34.6233911929187,Farmacia,,,3
-58.475999780243,-34.6391714141047,Farmacia,,,9
-58.4605974997871,-34.5482100677688,Farmacia,,,13
-58.3906225448921,-34.6336995025821,Farmacia,,,4
-58.4926723738491,-34.6362275186132,Farmacia,,,10
-58.4507154777389,-34.5636916048406,Farmacia,,,13
-58.4581354040197,-34.6161760981112,Farmacia,,,6
-58.4491027696064,-34.6071691493355,Farmacia,,,6
-58.4288212096792,-34.6180786406603,Farmacia,,,6
-58.3591485976829,-34.6362510260767,Farmacia,,,4
-58.4747683181999,-34.570238028393,Farmacia,,,12
-58.470972077534,-34.6272038742676,Farmacia,,,7
-58.5025347522062,-34.5946370649779,Farmacia,,,15
-58.5177102884589,-34.619883180912,Farmacia,,,10
-58.4886404832315,-34.6669544166864,Farmacia,,,8
-58.5001319020057,-34.5887600346541,Farmacia,,,12
-58.3718340439852,-34.6252351501634,Farmacia,,,1
-58.4393923922586,-34.6228710782724,Farmacia,,,6
-58.3978699116349,-34.6297654808494,Farmacia,,,4
-58.4150578879025,-34.5879924709174,Farmacia,,,14
-58.4879186688958,-34.6256648177475,Farmacia,,,10
-58.4391413528292,-34.6106210916775,Farmacia,,,6
-58.4358673837157,-34.6133957060418,Farmacia,,,6
-58.4304226936506,-34.5997339332345,Farmacia,,,15
-58.4731320004995,-34.631860814744,Farmacia,,,7
-58.4942364479559,-34.5971713221446,Farmacia,,,11
-58.3804879131228,-34.6521047133576,Farmacia,,,4
-58.5255084186466,-34.6510932417127,Farmacia,,,9
-58.4871383488651,-34.6407902709271,Farmacia,,,10
-58.3965676361936,-34.5999059245212,Farmacia,,,3
-58.5226342694161,-34.64679989928,Farmacia,,,9
-58.4529926529097,-34.6347810039187,Farmacia,,,7
-58.4115599801052,-34.6002031483151,Farmacia,,,3
-58.3904957849826,-34.6179386655092,Farmacia,,,1
-58.485384908922,-34.5881628827827,Farmacia,,,15
-58.4028513021157,-34.5874777862771,Farmacia,,,2
-58.3768884737423,-34.6172394777738,Farmacia,,,1
-58.433812810496,-34.5682863891893,Farmacia,,,14
-58.4756972790968,-34.6524770277013,Farmacia,,,9
-58.4360392547178,-34.6230111008182,Farmacia,,,6
-58.4150493897834,-34.588829648233,Farmacia,,,14
-58.4085384756543,-34.6293998653414,Farmacia,,,3
-58.4219345622409,-34.5860984334822,Farmacia,,,14
-58.4905203956972,-34.5697613583089,Farmacia,,,12
-58.4991912845342,-34.571707177519,Farmacia,,,12
-58.4151556477904,-34.5914900430945,Farmacia,,,14
-58.4551972089916,-34.6293859071805,Farmacia,,,7
-58.506975608161,-34.6254197993402,Farmacia,,,10
-58.4384116885955,-34.6360967133748,Farmacia,,,7
-58.4284913807421,-34.6195590397104,Farmacia,,,6
-58.4973765849469,-34.6059643072358,Farmacia,,,11
-58.3890745081285,-34.6052545081742,Farmacia,,,1
-58.370704160404,-34.6309485215859,Farmacia,,,4
-58.491416690958,-34.6058387792144,Farmacia,,,11
-58.4985040992314,-34.6213452899054,Farmacia,,,10
-58.4013060337704,-34.6122782842563,Farmacia,,,3
-58.430253966436,-34.6139615505714,Farmacia,,,6
-58.4727497882864,-34.6243368594085,Farmacia,,,7
-58.4411808562182,-34.6436783716535,Farmacia,,,7
-58.3916710610383,-34.6308473567014,Farmacia,,,4
-58.4659438443062,-34.6451358576624,Farmacia,,,9
-58.4927131869402,-34.6032105357026,Farmacia,,,11
-58.4465071574599,-34.5590588356478,Farmacia,,,13
-58.4012978530491,-34.6164674788328,Farmacia,,,3
-58.4395760938767,-34.5742386128663,Farmacia,,,14
-58.3775895022765,-34.6286014228037,Farmacia,,,4
-58.5110588429861,-34.6060449062964,Farmacia,,,11
-58.475514950975,-34.6778399601958,Farmacia,,,8
-58.424482945394,-34.584632969277,Farmacia,,,14
-58.4308922435953,-34.622745660782,Farmacia,,,6
-58.4047484495165,-34.5824129627488,Farmacia,,,14
-58.5029725459279,-34.5942908353895,Farmacia,,,15
-58.3876961663685,-34.5934087151516,Farmacia,,,2
-58.4187869812503,-34.5852287992345,Farmacia,,,14
-58.523190323651,-34.6279191031397,Farmacia,,,10
-58.4738746891068,-34.6115656918218,Farmacia,,,
-58.3750502100804,-34.6350599832233,Farmacia,,,4
-58.3963287660055,-34.5943859695056,Farmacia,,,2
-58.4439970273562,-34.6140974084567,Farmacia,,,6
-58.4890007806434,-34.5736846129504,Farmacia,,,12
-58.3871924276308,-34.6200723552986,Farmacia,,,1
-58.4960446224808,-34.5932693175175,Farmacia,,,15
-58.3867945492332,-34.6180635596204,Farmacia,,,1
-58.5278398775941,-34.6399537698211,Farmacia,,,9
-58.3876787184482,-34.6189840134586,Farmacia,,,1
-58.4870231477652,-34.5520957791662,Farmacia,,,12
-58.5155627889859,-34.6288360354152,Farmacia,,,10
-58.3930488619101,-34.6132622597673,Farmacia,,,3
-58.5060914729564,-34.6065756716182,Farmacia,,,11
-58.3920639791135,-34.6346953257924,Farmacia,,,4
-58.4165408455912,-34.6183246987338,Farmacia,,,5
-58.4314785247239,-34.5708803245326,Farmacia,,,14
-58.4342072819621,-34.6228195580406,Farmacia,,,6
-58.4629170826639,-34.6064594497039,Farmacia,,,11
-58.4066295699926,-34.5968397895487,Farmacia,,,2
-58.4476672954626,-34.6084368480669,Farmacia,,,6
-58.5058115424239,-34.6674977243013,Farmacia,,,9
-58.4760952040377,-34.6177931461821,Farmacia,,,11
-58.4539415868676,-34.6435620766768,Farmacia,,,7
-58.5039911011605,-34.638254019973,Farmacia,,,10
-58.4443019235678,-34.6224063437849,Farmacia,,,6
-58.4126197159842,-34.5939565188929,Farmacia,,,2
-58.4612228672738,-34.5645805470563,Farmacia,,,13
-58.4820608576448,-34.6175971996571,Farmacia,,,11
-58.4178456188554,-34.6254954512011,Farmacia,,,5
-58.5279113409293,-34.6361581366315,Farmacia,,,9
-58.3692413998273,-34.6190783259412,Farmacia,,,1
-58.4880621685083,-34.5593205451599,Farmacia,,,12
-58.4147428149215,-34.6057432476086,Farmacia,,,5
-58.4072130237967,-34.6245751869937,Farmacia,,,3
-58.4355041983913,-34.5799047882978,Farmacia,,,14
-58.3727922313864,-34.6111784669797,Farmacia,,,1
-58.3913071379938,-34.6002397210811,Farmacia,,,1
-58.5211006524231,-34.6415043732662,Farmacia,,,9
-58.5066589984583,-34.5711988443644,Farmacia,,,12
-58.5080221140295,-34.6037156925768,Farmacia,,,11
-58.4276388955399,-34.6218062676342,Farmacia,,,5
-58.4269075100353,-34.5924399662834,Farmacia,,,14
-58.4907798518159,-34.6270894652014,Farmacia,,,10
-58.4434711292376,-34.5851944284198,Farmacia,,,14
-58.4892496244646,-34.6357906186635,Farmacia,,,10
-58.4153364986673,-34.5874375003502,Farmacia,,,14
-58.4738408042379,-34.6840702661333,Farmacia,,,8
-58.4305355993158,-34.6060539784959,Farmacia,,,5
-58.4281308480911,-34.6215093638061,Farmacia,,,6
-58.400388386366,-34.5966172390908,Farmacia,,,2
-58.4181203135119,-34.5839096134023,Farmacia,,,14
-58.4168672627246,-34.6546366884056,Farmacia,,,
-58.4947647087154,-34.5497079177175,Farmacia,,,12
-58.3647841453597,-34.6384685354563,Farmacia,,,4
-58.4003007533567,-34.6099464129621,Farmacia,,,3
-58.4065380355508,-34.5777231459129,Farmacia,,,14
-58.4726793742508,-34.6525448421511,Farmacia,,,9
-58.4952650252991,-34.6446824481961,Farmacia,,,10
-58.4031406013607,-34.6085066617832,Farmacia,,,3
-58.5052924267585,-34.5883746049577,Farmacia,,,12
-58.4625074668179,-34.6074848490201,Farmacia,,,6
-58.4179270716311,-34.585960728814,Farmacia,,,14
-58.4374695554335,-34.5973748726971,Farmacia,,,15
-58.4161989134438,-34.6320625597614,Farmacia,,,5
-58.4726837899115,-34.6199231436244,Farmacia,,,7
-58.3682326586742,-34.6454154848908,Farmacia,,,4
-58.4027069436087,-34.6157762901049,Farmacia,,,3
-58.4495951079828,-34.6094454050059,Farmacia,,,6
-58.4341961986981,-34.6282531857664,Farmacia,,,7
-58.4877668157461,-34.6042492646573,Farmacia,,,11
-58.4565769014228,-34.6346678031879,Farmacia,,,7
-58.4117212268037,-34.6387302534681,Farmacia,,,4
-58.4498502500342,-34.6045925679645,Farmacia,,,15
-58.4069791617541,-34.5807154220387,Farmacia,,,14
-58.4206011236514,-34.5822278472767,Farmacia,,,14
-58.4119287146186,-34.5915530793059,Farmacia,,,2
-58.4362546224366,-34.6225757451537,Farmacia,,,6
-58.4655504806866,-34.5837100990812,Farmacia,,,15
-58.4651769380702,-34.6447869332386,Farmacia,,,9
-58.4737074751713,-34.6441786933417,Farmacia,,,9
-58.3838984413622,-34.627900953203,Farmacia,,,1
-58.4781163632855,-34.6661626827268,Farmacia,,,8
-58.4805816395929,-34.6127931518685,Farmacia,,,11
-58.4193828080631,-34.6031513552413,Farmacia,,,5
-58.5148215615303,-34.5886909975989,Farmacia,,,11
-58.3888827280335,-34.6088679908503,Farmacia,,,1
-58.4026248836325,-34.6364070744536,Farmacia,,,4
-58.3919690172774,-34.6125423445765,Farmacia,,,3
-58.4166197655888,-34.6506760858189,Farmacia,,,4
-58.4010693383916,-34.5855198428506,Farmacia,,,2
-58.3937152602081,-34.591805121548,Farmacia,,,2
-58.3789248204204,-34.611825220577,Farmacia,,,1
-58.424697231408,-34.6058430209336,Farmacia,,,5
-58.4143893276795,-34.5859503201705,Farmacia,,,14
-58.4027427714285,-34.6101217094097,Farmacia,,,3
-58.4075576015654,-34.5857806681592,Farmacia,,,2
-58.511182283257,-34.6395424999434,Farmacia,,,9
-58.4219812121022,-34.6441418281383,Farmacia,,,4
-58.3971408481219,-34.6023186025231,Farmacia,,,3
-58.4160766250891,-34.6525832424846,Farmacia,,,4
-58.421338133245,-34.6114064250465,Farmacia,,,5
-58.3981496803033,-34.5956312539,Farmacia,,,2
-58.3733041424901,-34.6065622124181,Farmacia,,,
-58.3871232988124,-34.5873633456899,Farmacia,,,2
-58.3950883885693,-34.6127457510749,Farmacia,,,3
-58.3744646643429,-34.5972901541081,Farmacia,,,1
-58.4631009617568,-34.5559680639447,Farmacia,,,13
-58.4570867731371,-34.5612659396373,Farmacia,,,13
-58.4573406142235,-34.5626440172182,Farmacia,,,13
-58.3812510455867,-34.5955849176724,Farmacia,,,1
-58.3824578604263,-34.6098840956424,Farmacia,,,1
-58.3990147840054,-34.6361203921841,Farmacia,,,4
-58.4532143634926,-34.6250975409147,Farmacia,,,6
-58.3738517345267,-34.6437996563973,Farmacia,,,4
-58.3983951847907,-34.6047606912484,Farmacia,,,3
-58.3916584571437,-34.5918262558781,Farmacia,,,2
-58.3723842403423,-34.6006267287205,Farmacia,,,1
-58.4011687905725,-34.5992882000486,Farmacia,,,2
-58.4767676019258,-34.5444906046904,Farmacia,,,12
-58.3936189389984,-34.6230514282979,Farmacia,,,3
-58.3780048211462,-34.6492878806023,Farmacia,,,4
-58.4164640981155,-34.603474763772,Farmacia,,,5
-58.3722045121312,-34.610286000672,Farmacia,,,1
-58.4249760499681,-34.5972097633385,Farmacia,,,15
-58.382459854893,-34.6280240208381,Farmacia,,,1
-58.4093616117353,-34.6105494605996,Farmacia,,,3
-58.416653127855,-34.6527658128604,Farmacia,,,4
-58.4445092961884,-34.5698595631012,Farmacia,,,14
-58.442459366067,-34.541981861879,Farmacia,,,
-58.4006052169147,-34.5993578160509,Farmacia,,,2
-58.4889704605358,-34.6357227413598,Farmacia,,,10
-58.4682449537755,-34.5941931334147,Farmacia,,,
-58.4024041614115,-34.5916219387132,Farmacia,,,2
-58.3973130045115,-34.6140189092745,Farmacia,,,3
-58.4042477959056,-34.5780588148401,Farmacia,,,14
-58.4248147162368,-34.6066220061446,Farmacia,,,5
-58.4016618672239,-34.5958011497741,Farmacia,,,2
-58.5072033491003,-34.5901337104342,Farmacia,,,11
-58.3878229363528,-34.6347364308758,Farmacia,,,4
-58.3955928747326,-34.6083834921357,Farmacia,,,3
-58.398018586513,-34.6105763919781,Farmacia,,,3
-58.4947725897269,-34.5574523684966,Farmacia,,,12
-58.3883563570917,-34.6122483244925,Farmacia,,,1
-58.4115748567262,-34.6397133896307,Farmacia,,,4
-58.434541750875,-34.5691648741633,Farmacia,,,
-58.4261361282335,-34.6135327044976,Farmacia,,,5
-58.4360053038245,-34.5704283562254,Farmacia,,,14
-58.4024572487337,-34.6026262596728,Farmacia,,,3
-58.4345508147251,-34.604094988503,Farmacia,,,6
-58.4325766159535,-34.6052266907296,Farmacia,,,6
-58.3712888447121,-34.6028962929363,Farmacia,,,1
-58.4406816961461,-34.6203846925224,Farmacia,,,6
-58.4128307071762,-34.6107996662125,Farmacia,,,3
-58.4081634217287,-34.5803003435755,Farmacia,,,14
-58.3708476757898,-34.6391006564945,Farmacia,,,4
-58.3755376126518,-34.5910265220472,Farmacia,,,
-58.5144165134121,-34.6513054217575,Farmacia,,,9
-58.3900639147777,-34.6342467026555,Farmacia,,,4
-58.3856282756937,-34.5998950864826,Farmacia,,,1
-58.3896641703209,-34.6017028988813,Farmacia,,,1
-58.4304525422979,-34.60204587337,Farmacia,,,5
-58.4857031304038,-34.5749758676851,Farmacia,,,12
-58.3944131073616,-34.5982827949959,Farmacia,,,2
-58.4006934560809,-34.5913528369696,Farmacia,,,2
-58.4772049682219,-34.6069941902993,Farmacia,,,11
-58.3968894556407,-34.6229330296286,Farmacia,,,3
-58.4422472524181,-34.6018085988301,Farmacia,,,15
-58.3776685168984,-34.614107444849,Farmacia,,,1
-58.4529595576339,-34.5600701155737,Farmacia,,,13
-58.3710570721443,-34.6243981976399,Farmacia,,,1
-58.4093537973249,-34.6019666246222,Farmacia,,,3
-58.4224710063928,-34.6122736080665,Farmacia,,,5
-58.4660397883886,-34.5512299046157,Farmacia,,,13
-58.486891813368,-34.6348601348535,Farmacia,,,10
-58.4419441071769,-34.618769973088,Farmacia,,,6
-58.4159379413792,-34.6425910612012,Farmacia,,,4
-58.4168164349396,-34.6544146999727,Farmacia,,,4
-58.3990737954159,-34.5883437375394,Farmacia,,,2
-58.3730509462943,-34.6197361224305,Farmacia,,,1
-58.401604029355,-34.6142641025627,Farmacia,,,3
-58.443367249106,-34.5686820772497,Farmacia,,,14
-58.5205335431471,-34.6172471712144,Farmacia,,,11
-58.4390224593074,-34.5636995875315,Farmacia,,,14
-58.5259128751466,-34.6131946815246,Farmacia,,,11
-58.4085496777768,-34.5900646710212,Farmacia,,,2
-58.3960473476505,-34.6104150042596,Farmacia,,,3
-58.5071862021704,-34.5708831955276,Farmacia,,,12
-58.4248717018873,-34.5792189881625,Farmacia,,,14
-58.4691001013382,-34.6303757640264,Farmacia,,,7
-58.4636045006428,-34.5606637190519,Farmacia,,,13
-58.4356943955231,-34.6342743470432,Farmacia,,,7
-58.3975604914434,-34.613226002733,Farmacia,,,3
-58.4163746462572,-34.6246893717559,Farmacia,,,5
-58.4712018938692,-34.5695394601015,Farmacia,,,12
-58.4062535867052,-34.6195763579804,Farmacia,,,3
-58.5118828816511,-34.6242967850518,Farmacia,,,10
-58.474786052857,-34.5438832856178,Farmacia,,,12
-58.4858727869853,-34.5742646427913,Farmacia,,,12
-58.4753174053557,-34.6063508588332,Farmacia,,,11
-58.3889039822179,-34.5894400671877,Farmacia,,,2
-58.3828710773517,-34.6147183578855,Farmacia,,,1
-58.4083478900878,-34.5869515524633,Farmacia,,,2
-58.3776430167698,-34.6091101341405,Farmacia,,,1
-58.3966956134639,-34.5970947860452,Farmacia,,,2
-58.4018302043362,-34.6146416614601,Farmacia,,,3
-58.459510969791,-34.6384081312945,Farmacia,,,7
-58.3937482388393,-34.6512587434591,Farmacia,,,4
-58.5279494658818,-34.6121144727168,Farmacia,,,10
-58.3727015124315,-34.6026235137825,Farmacia,,,1
-58.5126226272928,-34.625295057459,Farmacia,,,10
-58.4571404055246,-34.5568457172244,Farmacia,,,13
-58.5298814145758,-34.6179131341896,Farmacia,,,10
-58.4572992614577,-34.5565738057439,Farmacia,,,13
-58.3914308908691,-34.6195435369959,Farmacia,,,1
-58.5134485505723,-34.6485244654079,Farmacia,,,9
-58.4061663064018,-34.6339202135435,Farmacia,,,4
-58.4301060576572,-34.6351404839698,Farmacia,,,7
-58.5174316824477,-34.661716573945,Farmacia,,,9
-58.5173206497013,-34.6616714655124,Farmacia,,,9
-58.3758670074601,-34.6163132463727,Farmacia,,,1
-58.5163264589139,-34.6503504707062,Farmacia,,,9
-58.4404428070468,-34.6357628334306,Farmacia,,,7
-58.4854257886685,-34.5550575552323,Farmacia,,,12
-58.3829798052789,-34.6277763651981,Farmacia,,,1
-58.3841658221694,-34.5878032457145,Farmacia,,,2
-58.379697995384,-34.650993091015,Farmacia,,,4
-58.4892256985875,-34.6357843606803,Farmacia,,,10
-58.4884035415397,-34.6483740980794,Farmacia,,,9
-58.4250933861147,-34.6331645967166,Farmacia,,,5
-58.3770263958614,-34.599600744272,Farmacia,,,1
-58.4371653795998,-34.5743336316439,Farmacia,,,14
-58.447313834447,-34.6232424783318,Farmacia,,,6
-58.3998312288898,-34.6029833303669,Farmacia,,,3
-58.4108379238289,-34.5903454065166,Farmacia,,,2
-58.4052681319329,-34.6102601597411,Farmacia,,,3
-58.4579238197458,-34.5672421357886,Farmacia,,,13
-58.4880326262433,-34.6101364223924,Farmacia,,,11
-58.4170842542602,-34.6111089727803,Farmacia,,,5
-58.4824735604705,-34.660476102614,Farmacia,,,8
-58.416093794835,-34.6093083676771,Farmacia,,,5
-58.4352175837913,-34.6175469409791,Farmacia,,,6
-58.4548710083212,-34.5862109446879,Farmacia,,,15
-58.408954953053,-34.5877726336258,Farmacia,,,2
-58.4789742935031,-34.5789488061163,Farmacia,,,12
-58.3760422903464,-34.6263189149314,Farmacia,,,1
-58.4464884215892,-34.5576146917669,Farmacia,,,13
-58.4020033560999,-34.5931632164101,Farmacia,,,2
-58.4213952613525,-34.6105642818714,Farmacia,,,5
-58.3917242205946,-34.6224421989172,Farmacia,,,3
-58.4635648604648,-34.6847806433415,Farmacia,,,
-58.4704264395519,-34.5650733495755,Farmacia,,,13
-58.3863192044031,-34.6124906841303,Farmacia,,,1
-58.3690406287334,-34.5848824579333,Farmacia,,,1
-58.5128052806969,-34.6067168287458,Farmacia,,,11
-58.4009193471075,-34.5946457438863,Farmacia,,,2
-58.4388601734713,-34.6086202460332,Farmacia,,,6
-58.3925160948726,-34.6010105753985,Farmacia,,,1
-58.4603996341423,-34.6429990184785,Farmacia,,,7
-58.4122988503344,-34.5878084126643,Farmacia,,,14
-58.416625425775,-34.6093250533596,Farmacia,,,5
-58.3674721669186,-34.6218274174176,Farmacia,,,1
-58.4864660985559,-34.6057217279798,Farmacia,,,11
-58.4412573704318,-34.6214619832997,Farmacia,,,6
-58.4786553263357,-34.68056564221,Farmacia,,,8
-58.483177688077,-34.6389206192459,Farmacia,,,10
-58.4043943435187,-34.5892582498282,Farmacia,,,2
-58.4640856193712,-34.6308389443417,Farmacia,,,7
-58.4305326085571,-34.627729831337,Farmacia,,,7
-58.4263638735963,-34.6136045056057,Farmacia,,,5
-58.4328238063596,-34.5700041767367,Farmacia,,,14
-58.4557117035375,-34.6317219561115,Farmacia,,,7
-58.5150555088854,-34.6475315757036,Farmacia,,,9
-58.4774353354358,-34.656917545446,Farmacia,,,9
-58.3831855379649,-34.6267840137021,Farmacia,,,1
-58.3932635010903,-34.6055440534294,Farmacia,,,3
-58.5165883136484,-34.6449942687931,Farmacia,,,9
-58.3970825957269,-34.5922982439324,Farmacia,,,2
-58.4534085818758,-34.5847005644895,Farmacia,,,15
-58.5070838818432,-34.6324955917682,Farmacia,,,
-58.459951233519,-34.563740205743,Farmacia,,,13
-58.4133368748583,-34.6426501168578,Farmacia,,,4
-58.3976906882693,-34.5872967180815,Farmacia,,,2
-58.4320153467847,-34.5784155528301,Farmacia,,,14
-58.455841203829,-34.6261346766986,Farmacia,,,7
-58.4101455609964,-34.5922168617872,Farmacia,,,2
-58.3783632438151,-34.5930957598104,Farmacia,,,1
-58.3850370557726,-34.6100568456182,Farmacia,,,1
-58.4418464371555,-34.6211881576852,Farmacia,,,6
-58.5246766947592,-34.6560581811924,Farmacia,,,9
-58.4919132976613,-34.6518604102973,Farmacia,,,9
-58.4079247337179,-34.6199244193643,Farmacia,,,3
-58.394117413488,-34.6040544436263,Farmacia,,,3
-58.3949510025312,-34.5963381824634,Farmacia,,,2
-58.4339107090964,-34.6089251675096,Farmacia,,,6
-58.4065733390267,-34.5901048983679,Farmacia,,,2
-58.5199220469743,-34.6177865244575,Farmacia,,,11
-58.4255091426112,-34.631633766702,Farmacia,,,5
-58.4489063445861,-34.5576096306702,Farmacia,,,13
-58.4663159890356,-34.6122129268899,Farmacia,,,11
-58.4711994261321,-34.5445943065259,Farmacia,,,13
-58.429842291225,-34.61556963238,Farmacia,,,6
-58.4558965932119,-34.641724929171,Farmacia,,,7
-58.4087668569197,-34.5982509923336,Farmacia,,,3
-58.459972888215,-34.5659929703843,Farmacia,,,13
-58.4334566511635,-34.6124248985386,Farmacia,,,6
-58.3863330919205,-34.6014647609557,Farmacia,,,1
-58.4789624962881,-34.6404987529095,Farmacia,,,9
-58.4029136982626,-34.5944795429141,Farmacia,,,2
-58.3911557544349,-34.603283127677,Farmacia,,,1
-58.4302468314557,-34.6013964267125,Farmacia,,,5
-58.4949847316753,-34.644524791189,Farmacia,,,10
-58.3602133292693,-34.6326811804178,Farmacia,,,4
-58.5287866485101,-34.6407354804718,Farmacia,,,9
-58.3585463845806,-34.6354703536644,Farmacia,,,4
-58.4336042517245,-34.6281843942262,Farmacia,,,7
-58.422158268365,-34.5811288505447,Farmacia,,,14
-58.4042143173809,-34.6366869554671,Farmacia,,,4
-58.4034965893768,-34.5836479352117,Farmacia,,,2
-58.4792955072529,-34.5852775693813,Farmacia,,,15
-58.4355917196253,-34.6207891749724,Farmacia,,,6
-58.4032955417329,-34.607657705488,Farmacia,,,3
-58.4280518254911,-34.6039868773866,Farmacia,,,5
-58.4264421962404,-34.6024442345194,Farmacia,,,5
-58.3749376706444,-34.5984947977573,Farmacia,,,1
-58.4483188282065,-34.6235996918059,Farmacia,,,6
-58.3714192654082,-34.6016358677843,Farmacia,,,1
-58.4209095842699,-34.6043886251814,Farmacia,,,5
-58.507174994456,-34.6279246382217,Farmacia,,,10
-58.4059270377349,-34.6358350787969,Farmacia,,,4
-58.49178103402,-34.6322329690173,Farmacia,,,10
-58.3828061689298,-34.6024190934945,Farmacia,,,1
-58.4503025060022,-34.5798613571982,Farmacia,,,13
-58.4579256805324,-34.5782312351196,Farmacia,,,13
-58.3729016443336,-34.6162094478685,Farmacia,,,1
-58.4736002965019,-34.6857389564325,Farmacia,,,8
-58.4585502866185,-34.5605161063362,Farmacia,,,13
-58.3928360309163,-34.601840677509,Farmacia,,,3
-58.376768574164,-34.6035840748938,Farmacia,,,1
-58.4577101665164,-34.6045021131072,Farmacia,,,15
-58.4638518218179,-34.6029313163918,Farmacia,,,15
-58.4527058316454,-34.6057996050273,Farmacia,,,15
-58.4602850831698,-34.6038370511464,Farmacia,,,15
-58.3766023393262,-34.5994821584858,Farmacia,,,1
-58.3934382838156,-34.6143063768946,Farmacia,,,3
-58.4697412143303,-34.6246414429875,Farmacia,,,7
-58.4139435985939,-34.6125843547683,Farmacia,,,5
-58.4098157555016,-34.6248796936713,Farmacia,,,3
-58.3864047447302,-34.5920816834139,Farmacia,,,1
-58.4685706067073,-34.6177508317795,Farmacia,,,7
-58.4628749641502,-34.5781803966567,Farmacia,,,15
-58.3902156543872,-34.6068608811438,Farmacia,,,1
-58.411914951679,-34.5802193392791,Farmacia,,,14
-58.4534665278748,-34.638747389486,Farmacia,,,7
-58.4211327723368,-34.6065895543311,Farmacia,,,5
-58.4640526298877,-34.5783876480014,Farmacia,,,15
-58.4520526243171,-34.5622704275765,Farmacia,,,13
-58.5106295584144,-34.5916165218841,Farmacia,,,11
-58.5116286060358,-34.6003472601139,Farmacia,,,11
-58.3711510310513,-34.6052192399183,Farmacia,,,1
-58.3756076009979,-34.618989258439,Farmacia,,,1
-58.4094703329286,-34.5927255514521,Farmacia,,,2
-58.3919725468125,-34.6057318124541,Farmacia,,,1
-58.4640393489108,-34.6032609972623,Farmacia,,,11
-58.3999983182836,-34.5965978745995,Farmacia,,,2
-58.4042533209466,-34.6171912619357,Farmacia,,,3
-58.3744016566423,-34.6408879800251,Farmacia,,,4
-58.4287435777599,-34.6163448913442,Farmacia,,,5
-58.3755614907741,-34.6066966782975,Farmacia,,,1
-58.4221300321224,-34.6322205390489,Farmacia,,,5
-58.3909936850612,-34.6032713119878,Farmacia,,,1
-58.4609967841628,-34.5567972167599,Farmacia,,,13
-58.4273790134682,-34.5780962654003,Farmacia,,,14
-58.4563856514343,-34.6263627016887,Farmacia,,,7
-58.402570604318,-34.6088332863784,Farmacia,,,3
-58.4428062487344,-34.6107084900165,Farmacia,,,6
-58.4417748152232,-34.5927755799224,Farmacia,,,15
-58.4774469900596,-34.5760774735596,Farmacia,,,12
-58.4823586497502,-34.5766456120934,Farmacia,,,12
-58.4350034287819,-34.6211490544745,Farmacia,,,6
-58.4321558657414,-34.6415187104931,Farmacia,,,7
-58.4625698607023,-34.6152587475788,Farmacia,,,7
-58.5161380949718,-34.5899577816076,Farmacia,,,11
-58.372146555599,-34.6304356478456,Farmacia,,,4
-58.361656347704,-34.6289294583835,Farmacia,,,
-58.4244785436659,-34.6074194826752,Farmacia,,,5
-58.4219872376554,-34.5979027626553,Farmacia,,,5
-58.4079868475017,-34.5910667683176,Farmacia,,,2
-58.4235860331664,-34.5811261000913,Farmacia,,,14
-58.44014107789,-34.6056602750628,Farmacia,,,15
-58.3997688262829,-34.5942793339304,Farmacia,,,2
-58.4591090261947,-34.5552642158525,Farmacia,,,13
-58.3825168610955,-34.6089439365543,Farmacia,,,1
-58.3825081699512,-34.6027220278223,Farmacia,,,1
-58.3872545259386,-34.6117919967401,Farmacia,,,1
-58.406562067009,-34.6046052173081,Farmacia,,,3
-58.4135438959811,-34.6128443827079,Farmacia,,,5
-58.4897884121323,-34.6282979203955,Farmacia,,,10
-58.4124358920156,-34.5793091666947,Farmacia,,,14
-58.3872860885318,-34.5994937813721,Farmacia,,,1
-58.5237113135263,-34.614793802637,Farmacia,,,11
-58.5285624184416,-34.6164282528256,Farmacia,,,10
-58.4594806603256,-34.5681244517598,Farmacia,,,13
-58.4664980785033,-34.5989119578746,Farmacia,,,15
-58.3960235836814,-34.6057370267693,Farmacia,,,3
-58.5057289629442,-34.5721432865486,Farmacia,,,12
-58.4883497313288,-34.5456175849052,Farmacia,,,12
-58.389947434277,-34.5915163554249,Farmacia,,,2
-58.4790843700687,-34.6582890604831,Farmacia,,,8
-58.5245372304212,-34.6391828494401,Farmacia,,,9
-58.502777990836,-34.6644780693344,Farmacia,,,9
-58.4755348428904,-34.6772306192289,Farmacia,,,8
-58.4751890063058,-34.6858173906941,Farmacia,,,8
-58.3860774963322,-34.6062364821533,Farmacia,,,1
-58.4008097081991,-34.628478754937,Farmacia,,,3
-58.4051881676231,-34.607841619386,Farmacia,,,3
-58.375275456005,-34.6116885094746,Farmacia,,,1
-58.402226520606,-34.606916272713,Farmacia,,,3
-58.3832006954415,-34.607238101305,Farmacia,,,1
-58.3921453426912,-34.6113421220832,Farmacia,,,3
-58.3968082903475,-34.6031596963127,Farmacia,,,3
-58.400820594059,-34.6096408366918,Farmacia,,,3
-58.3904729422636,-34.6139095054341,Farmacia,,,1
-58.5055632231733,-34.5935080441465,Farmacia,,,11
-58.4881015695852,-34.5732194133908,Farmacia,,,12
-58.4127305000656,-34.5895328607199,Farmacia,,,14
-58.3935062502422,-34.5946555126945,Farmacia,,,2
-58.3881372366236,-34.591646280507,Farmacia,,,2
-58.441795674159,-34.6204538757034,Farmacia,,,6
-58.4393359009375,-34.614782969126,Farmacia,,,6
-58.4022624834181,-34.5937511116215,Farmacia,,,2
-58.4061197905968,-34.6126355847166,Farmacia,,,3
-58.4734714927344,-34.6861404306831,Farmacia,,,8
-58.5116737627914,-34.6584574235378,Farmacia,,,9
-58.3916817913841,-34.5963983248996,Farmacia,,,2
-58.4166349845277,-34.6221081822462,Farmacia,,,5
-58.4636977840796,-34.6308046321716,Farmacia,,,7
-58.4689232714847,-34.6020450287759,Farmacia,,,11
-58.3965429833365,-34.5877506493828,Farmacia,,,2
-58.4768728585413,-34.676453368423,Farmacia,,,8
-58.4938725421476,-34.6133141810644,Farmacia,,,11
-58.4018226521195,-34.596438148539,Farmacia,,,2
-58.422303462608,-34.5810364067488,Farmacia,,,14
-58.3921310399518,-34.6035640946616,Farmacia,,,1
-58.3920002419009,-34.6118425812618,Farmacia,,,3
-58.4087412072446,-34.5944427521557,Farmacia,,,2
-58.4005805770688,-34.5997302364452,Farmacia,,,3
-58.4263917840719,-34.5738471175917,Farmacia,,,
-58.4228364268829,-34.5837388561099,Farmacia,,,14
-58.4009587212779,-34.5918988319044,Farmacia,,,2
-58.5143833702724,-34.6641272540983,Farmacia,,,9
-58.4245426318135,-34.6349053871231,Farmacia,,,5
-58.4026375001418,-34.5746274924802,Farmacia,,,14
-58.5271685473428,-34.6393852134593,Farmacia,,,9
-58.4671866321951,-34.6302745439545,Farmacia,,,7
-58.3605753802569,-34.631825109235,Farmacia,,,4
-58.3874024124948,-34.6144492579349,Farmacia,,,1
-58.3918002026712,-34.6083852485819,Farmacia,,,1
-58.4223484848623,-34.6212289639216,Farmacia,,,5
-58.4833164257857,-34.6087046890065,Farmacia,,,11
-58.3887705443596,-34.6339441656684,Farmacia,,,4
-58.5135283068545,-34.6485816535263,Farmacia,,,9
-58.4767991068171,-34.675831904692,Farmacia,,,8
-58.4998021157006,-34.6376646597801,Farmacia,,,10
-58.4091774513906,-34.6178630466138,Farmacia,,,3
-58.4062730590294,-34.6556617637856,Farmacia,,,4
-58.4520290672448,-34.5665080184887,Farmacia,,,13
-58.3792545250364,-34.5991353157315,Farmacia,,,1
-58.4003201643862,-34.5844023644818,Farmacia,,,2
-58.4106992910389,-34.6038229852039,Farmacia,,,3
-58.3898229968935,-34.5950417952351,Farmacia,,,2
-58.4574113602694,-34.6128698073212,Farmacia,,,6
-58.4033479625752,-34.5966960871519,Farmacia,,,2
-58.397963350385,-34.6094214594827,Farmacia,,,3
-58.3744007911177,-34.6385557281253,Farmacia,,,4
-58.387631986488,-34.5991511669305,Farmacia,,,2
-58.4382941295303,-34.5654550704096,Farmacia,,,14
-58.4435961928729,-34.5626336058259,Farmacia,,,13
-58.4455401481424,-34.569840394345,Farmacia,,,13
-58.4547481854251,-34.5646048398453,Farmacia,,,13
-58.4284733292661,-34.6145566423783,Farmacia,,,5
-58.4200960075593,-34.6110311567017,Farmacia,,,5
-58.4199754988279,-34.6034542794015,Farmacia,,,5
-58.4680124772248,-34.6301028372177,Farmacia,,,7
-58.5255164041011,-34.6392721321648,Farmacia,,,9
-58.4051202087547,-34.6040967612008,Farmacia,,,3
-58.4587875627582,-34.5598940891883,Farmacia,,,13
-58.4860392380271,-34.5747828618343,Farmacia,,,12
-58.4744470215369,-34.5965977331471,Farmacia,,,15
-58.4563144654196,-34.6267385494055,Farmacia,,,7
-58.4410664915241,-34.6201529164099,Farmacia,,,6
-58.4396517787533,-34.5993404181869,Farmacia,,,15
-58.4622995814449,-34.6289343614365,Farmacia,,,7
-58.3798510862918,-34.6022877550185,Farmacia,,,1
-58.3711176558727,-34.5993969453176,Farmacia,,,1
-58.3842265285716,-34.5932217012965,Farmacia,,,1
-58.3735229375474,-34.604264251159,Farmacia,,,1
-58.4104836157927,-34.6106224272506,Farmacia,,,3
-58.4245019829879,-34.6040696590673,Farmacia,,,5
-58.4530597338971,-34.5834119104573,Farmacia,,,15
-58.4680329622933,-34.6174930445099,Farmacia,,,7
-58.3754678428263,-34.6025082650212,Farmacia,,,1
-58.3926958010382,-34.6046160820901,Farmacia,,,3
-58.494026805281,-34.6027224295511,Farmacia,,,11
-58.5025138313127,-34.6513191448784,Farmacia,,,9
-58.3711896797056,-34.6216728462512,Farmacia,,,1
-58.3670402075564,-34.602641632832,Farmacia,,,1
-58.4159240307124,-34.6390786215227,Farmacia,,,4
-58.3752714424319,-34.6066660525577,Farmacia,,,1
-58.3915916095594,-34.6113438558892,Farmacia,,,1
-58.3877234778878,-34.605485568776,Farmacia,,,1
-58.3830790457794,-34.6134003586275,Farmacia,,,1
-58.4814750490348,-34.6116706873096,Farmacia,,,11
-58.3751661536243,-34.6073391682492,Farmacia,,,1
-58.4355328260616,-34.5659188987528,Farmacia,,,14
-58.3736072652016,-34.6033925155239,Farmacia,,,1
-58.3796283061979,-34.6050258458244,Farmacia,,,1
-58.4527286093189,-34.5511444913032,Farmacia,,,13
-58.3765270809801,-34.5986071920283,Farmacia,,,1
-58.3750831174933,-34.6088425507185,Farmacia,,,1
-58.3842021216092,-34.6040377602297,Farmacia,,,1
-58.444274825605,-34.5945229759416,Farmacia,,,15
-58.4488409321859,-34.5681948154938,Farmacia,,,13
-58.4482704616498,-34.5816985780007,Farmacia,,,15
-58.483177486149,-34.6339454408875,Farmacia,,,10
-58.4500978519723,-34.5787115075176,Farmacia,,,13
-58.4360463417029,-34.6348740086496,Farmacia,,,7
-58.4025158073989,-34.6236376769931,Farmacia,,,3
-58.4142416615962,-34.5977310760405,Farmacia,,,2
-58.4459868200917,-34.6073096955312,Farmacia,,,15
-58.4225523840979,-34.5975384404969,Farmacia,,,14
-58.5245436802999,-34.6138471556383,Farmacia,,,11
-58.5167180400686,-34.6613521432621,Farmacia,,,9
-58.428615619516,-34.6190530474769,Farmacia,,,6
-58.4553935457995,-34.5680296145268,Farmacia,,,13
-58.4378497708929,-34.625925578752,Farmacia,,,6
-58.4697198182533,-34.5789723064977,Farmacia,,,15
-58.5029682426189,-34.6006299142003,Farmacia,,,11
-58.3938247024523,-34.5994792722419,Farmacia,,,2
-58.4106156641723,-34.6042133371481,Farmacia,,,3
-58.4664178242573,-34.5515110397836,Farmacia,,,13
-58.4032871994193,-34.6190065751936,Farmacia,,,3
-58.4629791032826,-34.5546857485896,Farmacia,,,13
-58.4872066911541,-34.6353168449471,Farmacia,,,10
-58.4732730192112,-34.5418759855497,Farmacia,,,13
-58.4300689244769,-34.594080900055,Farmacia,,,14
-58.5122247355495,-34.6063382329969,Farmacia,,,11
-58.4698016409122,-34.5465249993056,Farmacia,,,13
-58.4586971473726,-34.572266401011,Farmacia,,,13
-58.3917794746405,-34.6086723997424,Farmacia,,,1
-58.4228038925875,-34.6431837955477,Farmacia,,,4
-58.4309804588021,-34.6019919774707,Farmacia,,,5
-58.4833317028491,-34.5759969112223,Farmacia,,,12
-58.4036229611338,-34.5987028439482,Farmacia,,,3
-58.4484825467404,-34.5560971915707,Farmacia,,,13
-58.4745918122882,-34.5812519599115,Farmacia,,,15
-58.4525556858585,-34.5594008487738,Farmacia,,,13
-58.385906064808,-34.5965610800121,Farmacia,,,1
-58.3749180489127,-34.6128468621148,Farmacia,,,1
-58.4569320370549,-34.5614477221814,Farmacia,,,13
-58.3786423292269,-34.5952896566621,Farmacia,,,1
-58.4453569895014,-34.6174387613526,Farmacia,,,6
-58.3627794479696,-34.6115004497474,Farmacia,,,1
-58.4550881540476,-34.6055582571114,Farmacia,,,6
-58.4672415888803,-34.6356284156248,Farmacia,,,7
-58.4976482601661,-34.5836946358652,Farmacia,,,12
-58.4954480862423,-34.6008249954451,Farmacia,,,11
-58.4628302226545,-34.5626804325139,Farmacia,,,13
-58.416360238305,-34.6248787135972,Farmacia,,,5
-58.3637914583063,-34.6028991050674,Farmacia,,,1
-58.4604847373243,-34.6144831152348,Farmacia,,,7
-58.374413881642,-34.6385182522485,Farmacia,,,4
-58.3801852765093,-34.5939442182027,Farmacia,,,1
-58.4526891507382,-34.6280168130259,Farmacia,,,6
-58.4564234208146,-34.6410592084166,Farmacia,,,7
-58.4363581509337,-34.5924201083384,Farmacia,,,15
-58.4087156335716,-34.5961991333228,Farmacia,,,2
-58.4239660378146,-34.6034343283915,Farmacia,,,5
-58.4067742733313,-34.5952431147469,Farmacia,,,2
-58.4113241630864,-34.5879481520442,Farmacia,,,14
-58.4664739307055,-34.646722009589,Farmacia,,,9
-58.4385408782501,-34.5984401285355,Farmacia,,,15
-58.4455227204403,-34.5690573603221,Farmacia,,,14
-58.4601586967241,-34.5750949083545,Farmacia,,,13
-58.4604715259176,-34.5580056101252,Farmacia,,,13
-58.4463345977191,-34.5931429119257,Farmacia,,,15
-58.4811713525062,-34.6290618403833,Farmacia,,,10
-58.4306883366975,-34.6159444203213,Farmacia,,,6
-58.4069560101857,-34.5829940747071,Farmacia,,,14
-58.4499270008415,-34.5578161104965,Farmacia,,,13
-58.4231501308635,-34.5761244806357,Farmacia,,,14
-58.4117324297475,-34.597833241991,Farmacia,,,2
-58.4471877939086,-34.5827582351691,Farmacia,,,15
-58.4639141527676,-34.5707283915042,Farmacia,,,13
-58.4632183789443,-34.6261301358728,Farmacia,,,7
-58.4700663577657,-34.6292373565997,Farmacia,,,7
-58.4361803432824,-34.6192847793274,Farmacia,,,6
-58.4620111996229,-34.628845766749,Farmacia,,,7
-58.4367322899066,-34.6186459464494,Farmacia,,,6
-58.3855198157325,-34.5954998790156,Farmacia,,,1
-58.465143386561,-34.538959515426,Farmacia,,,13
-58.3747054019921,-34.5996569868549,Farmacia,,,1
-58.386009669174,-34.5947220997242,Farmacia,,,1
-58.3990593739773,-34.5950976354525,Farmacia,,,2
-58.3923068223716,-34.6069894486155,Farmacia,,,3
-58.3905925853496,-34.5908143168873,Farmacia,,,2
-58.4451986680851,-34.5700140511822,Farmacia,,,13
-58.4611818664142,-34.6282201625234,Farmacia,,,7
-58.4672061497911,-34.6298917870105,Farmacia,,,7
-58.4642776379779,-34.5403971724373,Farmacia,,,13
-58.4017257590373,-34.5925651466849,Farmacia,,,2
-58.4595194537916,-34.5451956124796,Farmacia,,,13
-58.4076512780607,-34.5914392455794,Farmacia,,,2
-58.395166417272,-34.6043287462495,Farmacia,,,3
-58.4599014988768,-34.5579974637121,Farmacia,,,13
-58.4511249365649,-34.5585741594136,Farmacia,,,13
-58.3845155890442,-34.6224956424631,Farmacia,,,1
-58.4552818727515,-34.5866663569398,Farmacia,,,15
-58.5223816636976,-34.6065758292468,Farmacia,,,11
-58.3829016864886,-34.6035999642303,Farmacia,,,1
-58.3765366501599,-34.6095422191076,Farmacia,,,1
-58.3894654362685,-34.6102902899995,Farmacia,,,1
-58.4874766751016,-34.6349861322019,Farmacia,,,10
-58.4829735203468,-34.6097951302633,Farmacia,,,11
-58.4873517241803,-34.6370371571667,Farmacia,,,10
-58.4744582595685,-34.6204415262496,Farmacia,,,11
-58.452565552288,-34.5657171481324,Farmacia,,,13
-58.4633393171772,-34.5672366674186,Farmacia,,,13
-58.4946040478298,-34.6020275760201,Farmacia,,,11
-58.3841829661315,-34.5989971338995,Farmacia,,,1
-58.4067003529482,-34.5846004593277,Farmacia,,,2
-58.3719796369521,-34.6208661251309,Farmacia,,,1
-58.4047483105297,-34.6371113222382,Farmacia,,,4
-58.4046712677863,-34.6308689999373,Farmacia,,,4
-58.5009494979664,-34.5753117271806,Farmacia,,,12
-58.4887453109116,-34.5783576169024,Farmacia,,,12
-58.4127314266733,-34.5967457789691,Farmacia,,,2
-58.3829078978331,-34.5962801615059,Farmacia,,,1
-58.370582776806,-34.6035410214166,Farmacia,,,1
-58.4439723210618,-34.5953395730263,Farmacia,,,15
-58.4635311712816,-34.5561902276119,Farmacia,,,13
-58.3991403287234,-34.6122106001848,Farmacia,,,3
-58.4695745305294,-34.5735412580977,Farmacia,,,12
-58.402588273945,-34.5988619282951,Farmacia,,,2
-58.5029011246981,-34.6001346223137,Farmacia,,,11
-58.4009950771172,-34.6305184994193,Farmacia,,,4
-58.5030534509349,-34.6518758417769,Farmacia,,,9
-58.4152882402962,-34.652185924816,Farmacia,,,4
-58.4680929844432,-34.5565695278083,Farmacia,,,13
-58.4879232424721,-34.6632547403504,Farmacia,,,8
-58.3807717991121,-34.6033840004483,Farmacia,,,1
-58.3808829368671,-34.601631269111,Farmacia,,,1
-58.379945104301,-34.6014145302607,Farmacia,,,1
-58.3758364031627,-34.6024360664165,Farmacia,,,1
-58.37961341667,-34.6034029821733,Farmacia,,,1
-58.3845922501203,-34.6100124613579,Farmacia,,,1
-58.378064752963,-34.6013486251051,Farmacia,,,1
-58.5088900463131,-34.5699458435785,Farmacia,,,12
-58.3876077674162,-34.606772257159,Farmacia,,,1
-58.3976928103665,-34.59395981971,Farmacia,,,2
-58.3971710411547,-34.5930720133671,Farmacia,,,2
-58.3768772927483,-34.6009924975363,Farmacia,,,1
-58.4164776557331,-34.6240191780842,Farmacia,,,5
-58.4480870006834,-34.5680708235821,Farmacia,,,14
-58.5251903420547,-34.6400188697631,Farmacia,,,9
-58.480408379226,-34.6336872914665,Farmacia,,,10
-58.4392932594758,-34.6158323208916,Farmacia,,,6
-58.4757134874646,-34.6211147077297,Farmacia,,,11
-58.369731466634,-34.6384563831253,Farmacia,,,4
-58.4278521616313,-34.6180596159356,Farmacia,,,5
-58.4345378417571,-34.5712242839022,Farmacia,,,14
-58.4234278848903,-34.5901259488608,Farmacia,,,14
-58.4017070881283,-34.6082921640864,Farmacia,,,3
-58.4663994911664,-34.6457582485923,Farmacia,,,9
-58.4544818709873,-34.6317026193173,Farmacia,,,7
-58.4274452156181,-34.6248706067349,Farmacia,,,6
-58.4784773521234,-34.6578444935925,Farmacia,,,9
-58.3838505941145,-34.5984978068729,Farmacia,,,1
-58.5279617670928,-34.6418776952142,Farmacia,,,9
-58.3665923514549,-34.6063059162718,Farmacia,,,1
-58.4577968723731,-34.6044811995538,Farmacia,,,15
-58.3833686680777,-34.627776607908,Farmacia,,,1
-58.4063541120524,-34.6076345109001,Farmacia,,,3
-58.3870214901525,-34.5991260776751,Farmacia,,,2
-58.4018880514658,-34.6100633958183,Farmacia,,,3
-58.3849688896247,-34.6094735642929,Farmacia,,,1
-58.5254545423105,-34.6136075761251,Farmacia,,,11
-58.4318060032933,-34.6018882691677,Farmacia,,,5
-58.3914661361162,-34.6174109794212,Farmacia,,,1
-58.3823792173994,-34.6044958351567,Farmacia,,,1
-58.4850921188247,-34.5738379678475,Farmacia,,,12
-58.4743452968246,-34.5411616642485,Farmacia,,,12
-58.4414348748935,-34.6203024886128,Farmacia,,,6
-58.4540091594502,-34.6254300130761,Farmacia,,,6
-58.4243239399508,-34.579593773627,Farmacia,,,14
-58.527072719308,-34.6393799744449,Farmacia,,,9
-58.462492871716,-34.5551641444736,Farmacia,,,13
-58.4837228330402,-34.6087960763261,Farmacia,,,11
-58.4471310708323,-34.5918685238001,Farmacia,,,15
-58.5288427385126,-34.6398622408149,Farmacia,,,9
-58.4212056935537,-34.6113506295391,Farmacia,,,5
-58.405003354757,-34.6036287835374,Farmacia,,,3
-58.4682274429932,-34.6301565479951,Farmacia,,,7
-58.4973908654296,-34.598897674685,Farmacia,,,11
-58.3930604324611,-34.6042653557231,Farmacia,,,3
-58.4166658520918,-34.6529304197134,Farmacia,,,4
-58.439420641206,-34.5990220603235,Farmacia,,,15
-58.4052965151263,-34.636897219681,Farmacia,,,4
-58.3740646656391,-34.5907129503343,Farmacia,,,1
-58.4434449737211,-34.5704516958807,Farmacia,,,14
-58.4223511299862,-34.6028136847463,Farmacia,,,5
-58.3818820360408,-34.6280085456761,Farmacia,,,1
-58.3765677341702,-34.6021533138173,Farmacia,,,1
-58.5026304834634,-34.6514723579541,Farmacia,,,9
-58.399084047936,-34.6047959507829,Farmacia,,,3
-58.4763577840797,-34.6759664972355,Farmacia,,,8
-58.4544195666636,-34.5870523669182,Farmacia,,,15
-58.415905641471,-34.6249371047573,Farmacia,,,5
-58.3697946296416,-34.6351809205544,Farmacia,,,4
-58.4586743972237,-34.5594145507085,Farmacia,,,13
-58.4982268789543,-34.6473965144123,Farmacia,,,9
-58.4244021764363,-34.5780159466456,Farmacia,,,14
-58.3921314990769,-34.6033280702992,Farmacia,,,1
-58.4489987543917,-34.5776563237949,Farmacia,,,13
-58.5087803350855,-34.6080939469517,Farmacia,,,11
-58.4479478477988,-34.5570239010825,Farmacia,,,13
-58.4497159105734,-34.5540100673602,Farmacia,,,13
-58.3734607699566,-34.6062408170834,Farmacia,,,1
-58.3756470402639,-34.5974228736363,Farmacia,,,1
-58.4238540053459,-34.5751499833415,Farmacia,,,
-58.4940883569061,-34.5720300920533,Farmacia,,,12
-58.4673508791043,-34.6215435908826,Farmacia,,,
-58.4510547557539,-34.6246722062259,Farmacia,,,6
-58.4899641738757,-34.5738742570955,Farmacia,,,12
-58.4507799484178,-34.5771864100753,Farmacia,,,13
-58.4565537676491,-34.5672744454897,Farmacia,,,13
-58.4021467297607,-34.5975772779612,Farmacia,,,2
-58.461248692724,-34.6035916901672,Farmacia,,,15
-58.4673305612765,-34.6252192024433,Farmacia,,,7
-58.458478756915,-34.6304516157855,Farmacia,,,7
-58.4833175566364,-34.6339832776852,Farmacia,,,10
-58.3615794153817,-34.617208778825,Farmacia,,,1
-58.3926606531872,-34.5999976586174,Farmacia,,,1
-58.4378179587614,-34.6135553445838,Farmacia,,,6
-58.4024118005652,-34.5836142345996,Farmacia,,,2
-58.4213458454361,-34.6029546402754,Farmacia,,,5
-58.3673525682775,-34.5999878308396,Farmacia,,,1
-58.4696317990296,-34.546735036309,Farmacia,,,13
-58.3732445538626,-34.5962876507027,Farmacia,,,1
-58.469217823022,-34.5479770780184,Farmacia,,,12
-58.3760121437553,-34.608497134772,Farmacia,,,1
-58.3964248514629,-34.6093123018339,Farmacia,,,3
-58.4232751401903,-34.5979839025878,Farmacia,,,5
-58.3808350709253,-34.5760553158129,Farmacia,,,
-58.4545997501005,-34.6053097593449,Farmacia,,,15
-58.4075776773938,-34.5967184906036,Farmacia,,,2
-58.4640437253473,-34.6253435391257,Farmacia,,,7
-58.4368574008189,-34.5988816187831,Farmacia,,,15
-58.5221454768693,-34.6258442972121,Farmacia,,,10
-58.419797061985,-34.6214001637035,Farmacia,,,5
-58.4269110906669,-34.627190921317,Farmacia,,,7
-58.4408090642417,-34.5647214349574,Farmacia,,,14
-58.4519187162906,-34.5537030964855,Farmacia,,,13
-58.4250955933225,-34.5803197805327,Farmacia,,,14
-58.4722488553366,-34.567670084945,Farmacia,,,13
-58.4863023700347,-34.57409779102,Farmacia,,,12
-58.3901715677976,-34.6107744071362,Farmacia,,,1
-58.5013055944395,-34.619076554981,Farmacia,,,10
-58.384294987771,-34.6153361298216,Farmacia,,,1
-58.3928653684539,-34.6117572839765,Farmacia,,,3
-58.4383346637845,-34.5968736728867,Farmacia,,,15
-58.3981644707449,-34.6062041602959,Farmacia,,,3
-58.3829307248592,-34.6296273883129,Farmacia,,,1
-58.4040252264339,-34.577858797953,Farmacia,,,14
-58.5262313454099,-34.6150854088205,Farmacia,,,10
-58.4024119927555,-34.5940688128835,Farmacia,,,2
-58.4166378441565,-34.6504602980208,Farmacia,,,4
-58.3863913122586,-34.6031540066695,Farmacia,,,1
-58.4360376244794,-34.567129353538,Farmacia,,,14
-58.5139753512495,-34.6489743625188,Farmacia,,,9
-58.3770618625933,-34.6198859423425,Farmacia,,,1
-58.4320310195448,-34.616538069996,Farmacia,,,6
-58.4029077014673,-34.5964987427884,Farmacia,,,2
-58.4041174872715,-34.6007324971428,Farmacia,,,3
-58.3881311608495,-34.5969308383953,Farmacia,,,2
-58.3785889927444,-34.608075668403,Farmacia,,,1
-58.4429131899128,-34.608297055591,Farmacia,,,6
-58.470935722864,-34.6312504764821,Farmacia,,,7
-58.3991683725827,-34.5939170895523,Farmacia,,,2
-58.5053893102983,-34.6539792681507,Farmacia,,,9
-58.3796548217227,-34.5926872206568,Farmacia,,,1
-58.4987596096094,-34.5514976099476,Farmacia,,,12
-58.4722444577924,-34.5823794924078,Farmacia,,,15
-58.4406270579271,-34.5724053977786,Farmacia,,,14
-58.4030350221577,-34.6119267651521,Farmacia,,,3
-58.4539040486498,-34.6011679523153,Farmacia,,,15
-58.4325188426501,-34.6340835884835,Farmacia,,,7
-58.4595299202427,-34.6141146301915,Farmacia,,,7
-58.4736380112751,-34.6192890050487,Farmacia,,,11
-58.4991844776118,-34.5815849624423,Farmacia,,,
-58.4978913248006,-34.583413194267,Farmacia,,,
-58.3988651280762,-34.6235487962508,Farmacia,,,3
-58.4926345156684,-34.6044485653826,Farmacia,,,11
-58.3848274250974,-34.6131924971165,Farmacia,,,1
-58.3995496488569,-34.6071576694472,Farmacia,,,3
-58.4534419265837,-34.5840051001501,Farmacia,,,15
-58.420055622034,-34.5957628280778,Farmacia,,,14
-58.440839934609,-34.610440470517,Farmacia,,,6
-58.3927096614893,-34.593097280796,Farmacia,,,2
-58.4467287846178,-34.568813812308,Farmacia,,,14
-58.374055620892,-34.6387781038053,Farmacia,,,4
-58.3742727225369,-34.6391756057663,Farmacia,,,4
-58.5167989804833,-34.6528104842987,Farmacia,,,9
-58.3877769009383,-34.6039271993999,Farmacia,,,1
-58.3941969352402,-34.5901121454785,Farmacia,,,2
-58.4002886052346,-34.6086994608219,Farmacia,,,3
-58.4994712598195,-34.5848312392029,Farmacia,,,12
-58.3894943857185,-34.5987713955563,Farmacia,,,2
-58.4023135658169,-34.5865473529947,Farmacia,,,2
-58.3912236938316,-34.628671692015,Farmacia,,,4
-58.4395788985748,-34.5647839237228,Farmacia,,,14
-58.4451208844284,-34.6607659288851,Farmacia,,,8
-58.4302976136689,-34.608907590193,Farmacia,,,5
-58.3790189906388,-34.6090692082781,Farmacia,,,1
-58.3778466817188,-34.6283590248953,Farmacia,,,1
-58.4416035618041,-34.6314913322736,Farmacia,,,7
-58.4326404083668,-34.5732312422702,Farmacia,,,14
-58.4464349776486,-34.572240409318,Farmacia,,,13
-58.4502580914942,-34.5612009792999,Farmacia,,,13
-58.4377954960407,-34.5840075491789,Farmacia,,,14
-58.4534885974639,-34.6056375783171,Farmacia,,,15
-58.3805900421796,-34.6279736156361,Farmacia,,,1
-58.4922324938877,-34.607609314008,Farmacia,,,11
-58.3893968489903,-34.6077192783777,Farmacia,,,1
-58.3728497748742,-34.5874076305548,Farmacia,,,1
-58.5276460679201,-34.638139466127,Farmacia,,,9
-58.3870227500128,-34.6007177505086,Farmacia,,,1
-58.3837135238608,-34.6090298889173,Farmacia,,,1
-58.3893785160833,-34.610285591766,Farmacia,,,
-58.4606414508404,-34.5604465027496,Farmacia,,,13
-58.4467275966215,-34.5903511840161,Farmacia,,,15
-58.467136103522,-34.548624402149,Farmacia,,,13
-58.4232788315289,-34.612259046663,Farmacia,,,5
-58.5036402927839,-34.6010299816558,Farmacia,,,11
-58.452318709186,-34.6058991225658,Farmacia,,,15
-58.463636258187,-34.6342065595038,Farmacia,,,7
-58.372753797648,-34.6017642055922,Farmacia,,,1
-58.3829098868226,-34.5961016481931,Farmacia,,,1
-58.4166357187536,-34.6504296448068,Farmacia,,,4
-58.4063255572814,-34.6086877583657,Farmacia,,,3
-58.396126743441,-34.6088977450959,Farmacia,,,3
-58.4384108267194,-34.5994388945124,Farmacia,,,15
-58.5275426679941,-34.6161188171834,Farmacia,,,10
-58.4853152297045,-34.5544273560606,Farmacia,,,12
-58.4055213563001,-34.5769728238801,Farmacia,,,14
-58.3799938128767,-34.6091361595704,Farmacia,,,1
-58.4631185101528,-34.6154648649628,Farmacia,,,7
-58.3829702989828,-34.5946905754139,Farmacia,,,1
-58.4824835750924,-34.610379797313,Farmacia,,,11
-58.396895889019,-34.6043546737983,Farmacia,,,3
-58.3749763121684,-34.6377099627292,Farmacia,,,4
-58.4984551984329,-34.5906579121699,Farmacia,,,12
-58.4359816402632,-34.5696662980554,Farmacia,,,14
-58.4799048869876,-34.5552990891922,Farmacia,,,12
-58.4124824408188,-34.5831546268785,Farmacia,,,14
-58.3796036424739,-34.6177856469497,Farmacia,,,1
-58.4202651324123,-34.6159378776459,Farmacia,,,5
-58.3871668367085,-34.5973341098662,Farmacia,,,2
-58.4519213392538,-34.6102718273149,Farmacia,,,6
-58.5061803069192,-34.5884738419933,Farmacia,,,12
-58.4555367913992,-34.5555008747509,Farmacia,,,13
-58.4438817659673,-34.6081907413397,Farmacia,,,6
-58.4357248537626,-34.5652869973938,Farmacia,,,14
-58.4339394889715,-34.6265987056412,Farmacia,,,6
-58.4654521531324,-34.5527637745062,Farmacia,,,13
-58.4519600360214,-34.5647098542511,Farmacia,,,13
-58.3818305358404,-34.6151571644772,Farmacia,,,1
-58.4046494578961,-34.5959200981142,Farmacia,,,2
-58.3931901655846,-34.610539384508,Farmacia,,,3
-58.3875933466554,-34.6004454436982,Farmacia,,,1
-58.382663986728,-34.6196200140331,Farmacia,,,1
-58.4757567717393,-34.6096994977059,Farmacia,,,11
-58.4578042519824,-34.6404476466682,Farmacia,,,7
-58.4184039672758,-34.6108426017922,Farmacia,,,5
-58.4379113885006,-34.6150249826612,Farmacia,,,6
-58.4832998142075,-34.5663559453819,Farmacia,,,12
-58.4692748457705,-34.6309972947594,Farmacia,,,7
-58.381002781144,-34.599443366103,Farmacia,,,1
-58.3934694167924,-34.604637260263,Farmacia,,,3
-58.401731946264,-34.5976767638319,Farmacia,,,2
-58.4651267266375,-34.5389840641001,Farmacia,,,13
-58.4953143946593,-34.6140461708146,Farmacia,,,11
-58.3858123862451,-34.5975040459595,Farmacia,,,1
-58.4982342724737,-34.6479390955437,Farmacia,,,9
-58.4786115850275,-34.5847764587238,Farmacia,,,15
-58.4292791387643,-34.5809076587197,Farmacia,,,14
-58.373744558647,-34.6258373493407,Farmacia,,,1
-58.4386686831993,-34.6101496609954,Farmacia,,,6
-58.4630959597765,-34.6274809950368,Farmacia,,,7
-58.4734252993192,-34.6462521320054,Farmacia,,,9
-58.3713575928849,-34.6240562277755,Farmacia,,,1
-58.4727144793844,-34.6046766190738,Farmacia,,,11
-58.4478850052761,-34.6048559629604,Farmacia,,,15
-58.3841928426983,-34.6280207080516,Farmacia,,,1
-58.5063512156094,-34.6117078085584,Farmacia,,,11
-58.4030146685132,-34.5748251321495,Farmacia,,,14
-58.4596368617312,-34.5753001251356,Farmacia,,,13
-58.5160581336709,-34.610223108571,Farmacia,,,11
-58.384808894312,-34.5946505235878,Farmacia,,,1
-58.408524990401,-34.6152742886617,Farmacia,,,3
-58.5287937370779,-34.6418698607929,Farmacia,,,9
-58.401262630381,-34.5962558303949,Farmacia,,,2
-58.4201473390975,-34.5905924805505,Farmacia,,,14
-58.3914719565676,-34.6172501586754,Farmacia,,,1
-58.3854481391746,-34.6180200330551,Farmacia,,,1
-58.3952990232116,-34.6227784892462,Farmacia,,,3
-58.5123611214869,-34.6503535761481,Farmacia,,,9
-58.42568857091,-34.6057897655914,Farmacia,,,5
-58.4465343015566,-34.5960707270547,Farmacia,,,15
-58.4771290374914,-34.6870202955529,Farmacia,,,8
-58.4048789938833,-34.6160770786786,Farmacia,,,3
-58.4075097806834,-34.5870330311246,Farmacia,,,2
-58.4670077723611,-34.632999203668,Farmacia,,,7
-58.4015664917251,-34.6133947036121,Farmacia,,,3
-58.3946096942642,-34.6184768109817,Farmacia,,,3
-58.3678140408632,-34.6116712736068,Farmacia,,,1
-58.3728480324801,-34.6175538847065,Farmacia,,,1
-58.391714524076,-34.5994107972488,Farmacia,,,2
-58.5152830371338,-34.60818550396,Farmacia,,,11
-58.3844416819519,-34.5958154475391,Farmacia,,,1
-58.4400744354172,-34.6615513726118,Farmacia,,,8
-58.4041301086587,-34.589187264359,Farmacia,,,2
-58.391092917504,-34.6139531833236,Farmacia,,,1
-58.4179596509921,-34.5859360591976,Farmacia,,,14
-58.3919079002441,-34.614469344313,Farmacia,,,3
-58.4071265895265,-34.6150921365664,Farmacia,,,3
-58.4088484585241,-34.6136879989462,Farmacia,,,3
-58.4239602869091,-34.6030471948874,Farmacia,,,5
-58.4678119923111,-34.5490765487422,Farmacia,,,13
-58.3741126849317,-34.6423467976854,Farmacia,,,4
-58.4002946192746,-34.5930841272606,Farmacia,,,2
-58.4028218722224,-34.5819314830044,Farmacia,,,14
-58.4180455571433,-34.5897846069485,Farmacia,,,14
-58.4119501215814,-34.6528471666728,Farmacia,,,4
-58.428650272017,-34.5776589709059,Farmacia,,,14
-58.4866626641292,-34.6468758261543,Farmacia,,,9
-58.4848051647861,-34.5736901053389,Farmacia,,,12
-58.3935634628266,-34.6100777630177,Farmacia,,,3
-58.438518265651,-34.6145019118242,Farmacia,,,6
-58.4416594190041,-34.571360389978,Farmacia,,,14
-58.3885902001679,-34.6064038400354,Farmacia,,,1
-58.3827493581381,-34.5897776772502,Farmacia,,,1
-58.4167995262689,-34.6561723164643,Farmacia,,,4
-58.3821140609237,-34.6092641245566,Farmacia,,,1
-58.4343005673382,-34.5665037481849,Farmacia,,,14
-58.4338704159601,-34.5993636219343,Farmacia,,,15
-58.4055488179784,-34.6115582371306,Farmacia,,,3
-58.3963513141988,-34.6072678626837,Farmacia,,,3
-58.4044189242589,-34.5978979585736,Farmacia,,,2
-58.4098418213488,-34.6102270779908,Farmacia,,,3
-58.4098595087714,-34.6150852739684,Farmacia,,,3
-58.5283020319067,-34.6114941895535,Farmacia,,,11
-58.4124372782113,-34.6107713365268,Farmacia,,,3
-58.4214593117566,-34.5887738304672,Farmacia,,,14
-58.4456148866427,-34.5974469202934,Farmacia,,,15
-58.412634144058,-34.6385167638725,Farmacia,,,4
-58.4740242069801,-34.5813305496537,Farmacia,,,15
-58.3741961146727,-34.6011740366406,Farmacia,,,1
-58.4042675576091,-34.5949812625328,Farmacia,,,2
-58.3976974267228,-34.6097469908408,Farmacia,,,3
-58.4010177973365,-34.5981137274505,Farmacia,,,2
-58.3886083595453,-34.5973171288411,Farmacia,,,2
-58.4091430502184,-34.6181575590771,Farmacia,,,3
-58.3726167642172,-34.6480108210996,Farmacia,,,4
-58.3731549743465,-34.6269450980428,Farmacia,,,4
-58.3745231675029,-34.6128221159312,Farmacia,,,1
-58.3768855684533,-34.6309915440989,Farmacia,,,4
-58.3935808200545,-34.6091114999275,Farmacia,,,3
-58.3993382986204,-34.6095106784025,Farmacia,,,3
-58.4054187848019,-34.6114183448411,Farmacia,,,3
-58.3999437967016,-34.6359586941044,Farmacia,,,4
-58.4790755424946,-34.5702550371267,Farmacia,,,12
-58.4716325037057,-34.5653953638243,Farmacia,,,12
-58.4629333060966,-34.5598825434449,Farmacia,,,13
-58.3775508488443,-34.6288473603882,Hospital,1,HOSPITAL GENERAL DE NIÑOS PEDRO DE ELIZALDE,4
-58.4120700769456,-34.5941919726393,Hospital,2,HOSPITAL GENERAL DE NIÑOS RICARDO GUTIERREZ,2
-58.4005143372538,-34.5847671286454,Hospital,4,HOSPITAL DE ODONTOLOGIA DR. RAMON CARRILLO (EX NACIONAL),2
-58.3851559118889,-34.6394041316484,Hospital,6,HOSPITAL DE SALUD MENTAL BRAULIO MOYANO,4
-58.3913114406535,-34.6341535760002,Hospital,7,HOSPITAL DE GASTROENTEROLOGIA B. UDAONDO,4
-58.4349433479819,-34.6084721257413,Hospital,8,INSTITUTO DE ZOONOSIS L. PASTEUR,6
-58.3758433488021,-34.6302112044495,Hospital,9,HOSPITAL DE REHABILITACION RESPIRATORIA M. FERRER,4
-58.3823284509488,-34.6357022351559,Hospital,10,HOSPITAL INFANTO JUVENIL C. TOBAR GARCIA,4
-58.3821283746958,-34.6364350546569,Hospital,11,HOSPITAL DE SALUD MENTAL J. T. BORDA,4
-58.3601201271455,-34.6388917320834,Hospital,12,HOSPITAL DE ODONTOLOGIA INFANTIL DON BENITO QUINQUELA MARTIN,4
-58.4409882382439,-34.5538963316473,Hospital,13,INSTITUTO DE REHABILITACION PSICOFISICA (I.R.E.P.),13
-58.4027506275377,-34.634856308415,Hospital,14,HOSPITAL MATERNO INFANTIL R. SARDA,4
-58.4601855775528,-34.6054342750207,Hospital,15,HOSPITAL OFTALMOLOGICO DR. PEDRO LAGLEYZE,11
-58.4276597542837,-34.6146348348429,Hospital,16,HOSPITAL DE ODONTOLOGIA  JOSE DUEÑAS,5
-58.4332484381295,-34.6070507603866,Hospital,17,HOSPITAL MUNICIPAL DE ONCOLOGIA MARIE CURIE,6
-58.4323966950244,-34.6255031952483,Hospital,18,HOSPITAL DE QUEMADOS DR. ARTURO UMBERTO ILLIA,6
-58.3940641604746,-34.6227125075125,Hospital,19,HOSPITAL DE OFTALMOLOGIA SANTA LUCIA,3
-58.5021449222223,-34.6179817540591,Hospital,20,HOSPITAL DE REHABILITACION M. ROCCA,10
-58.3937269413226,-34.6375293258416,Hospital,21,HOSPITAL DE INFECCIOSAS F. MUÑIZ,4
-58.4752588459762,-34.5972098729152,Hospital,22,HOSPITAL DE EMERGENCIAS PSIQUIATRICAS TORCUATO DE ALVEAR,15
-58.4005134574423,-34.5847659581214,Hospital,23,HOSPITAL GENERAL DE AGUDOS B. RIVADAVIA,2
-58.365985088719,-34.6283448581677,Hospital,24,HOSPITAL GENERAL DE AGUDOS DR C. ARGERICH,4
-58.4068939142787,-34.581141710889,Hospital,25,HOSPITAL GENERAL DE AGUDOS DR. J. A. FERNANDEZ,14
-58.4379813617051,-34.6089728538415,Hospital,26,HOSPITAL GENERAL DE AGUDOS DR. C. DURAND,6
-58.4695020363265,-34.6241704940114,Hospital,27,HOSPITAL GENERAL DE AGUDOS DR. T. ALVAREZ,7
-58.4096107488156,-34.6176598438607,Hospital,28,HOSPITAL GENERAL DE AGUDOS J. M. RAMOS MEJIA,3
-58.4710781593251,-34.565051956568,Hospital,29,HOSPITAL GENERAL DE AGUDOS DR. I. PIROVANO,12
-58.5110525000569,-34.599979524264,Hospital,30,HOSPITAL GENERAL DE AGUDOS A. ZUBIZARRETA,11
-58.50761514092,-34.6253367952668,Hospital,31,HOSPITAL GENERAL DE AGUDOS D. VELEZ SARSFIELD,10
-58.5156291936709,-34.6491867281064,Hospital,32,HOSPITAL GENERAL DE AGUDOS DONACION F. SANTOJANNI,9
-58.4108602188292,-34.6431172591975,Hospital,33,HOSPITAL GENERAL DE AGUDOS J. A. PENNA,4
-58.4710976282168,-34.5873917690227,Hospital,34,HOSPITAL GENERAL DE AGUDOS DR. E. TORNU,15
-58.4541167814714,-34.643894071866,Hospital,35,HOSPITAL GENERAL DE AGUDOS P. PIÑERO,7
-58.4566428491104,-34.6718480140772,Hospital,36,HOSPITAL CECILIA GRIERSON,8
-58.3918791813883,-34.6299453614404,Hospital,3,HOSP. DE PEDIATRIA DR. J. GARRAHAN,4
-58.3814293381891,-34.6419888014928,Hospital,5,TALLERES PROTEGIDOS DE REHABILITACION PSIQUIATRICA,4
